position	ref_allele	alt_allele	t_lod_fstart	t_ref_count	t_alt_count	n_ref_count	n_alt_count	normal_best_gt	reasons	judgement
chr2:109367834	A	G	1.002621	904	1	932	3	AA	fstar_tumor_lod,possible_contamination,alt_allele_in_normal	REJECT
	A	G	2.112405	896	2	930	4	AA	fstar_tumor_lod,possible_contamination,alt_allele_in_normal	REJECT
chr1:248525398	G	C	0	838	0	814	10	GG	fstar_tumor_lod,possible_contamination,alt_allele_in_normal,poor_mapping_region_alternate_allele_mapq	REJECT
	G	C	0	836	0	815	10	GG	fstar_tumor_lod,possible_contamination,alt_allele_in_normal,poor_mapping_region_alternate_allele_mapq	REJECT
chr1:248525404	C	T	0	845	0	820	9	CC	fstar_tumor_lod,possible_contamination,alt_allele_in_normal,poor_mapping_region_alternate_allele_mapq	REJECT
	C	T	0	853	0	817	7	CC	fstar_tumor_lod,possible_contamination,alt_allele_in_normal,poor_mapping_region_alternate_allele_mapq	REJECT
chr1:104117866	T	C	6.389081	785	6	750	3	TT	possible_contamination,alt_allele_in_normal	REJECT
	T	C	4.037529	785	6	752	3	TT	fstar_tumor_lod,possible_contamination,alt_allele_in_normal	REJECT
chr7:72685542	G	A	9.163298	820	6	841	6	GG	possible_contamination,alt_allele_in_normal	REJECT
	G	A	4.258645	843	4	836	7	GG	fstar_tumor_lod,possible_contamination,alt_allele_in_normal	REJECT
chr1:152760551	T	C	39.572821	818	18	670	17	TT	nearby_gap_events,possible_contamination,alt_allele_in_normal,clustered_read_position	REJECT
	T	C	7.321822	840	5	670	17	TT	nearby_gap_events,possible_contamination,alt_allele_in_normal	REJECT
chr12:49522312	T	G	6.888263	161	23	526	55	TT	possible_contamination,alt_allele_in_normal,strand_artifact,poor_mapping_region_mapq0	REJECT
	T	G	6.794229	165	19	514	58	TT	possible_contamination,alt_allele_in_normal,strand_artifact,poor_mapping_region_mapq0	REJECT
chr1:248458357	A	T	14.219731	735	11	788	11	AA	nearby_gap_events,possible_contamination,alt_allele_in_normal,clustered_read_position	REJECT
	A	T	8.661899	710	5	786	11	AA	nearby_gap_events,possible_contamination,alt_allele_in_normal,clustered_read_position	REJECT
chr11:1017945	A	G	0	442	0	878	9	AA	fstar_tumor_lod,possible_contamination,alt_allele_in_normal,poor_mapping_region_alternate_allele_mapq	REJECT
	A	G	0	405	0	880	10	AA	fstar_tumor_lod,possible_contamination,alt_allele_in_normal,poor_mapping_region_alternate_allele_mapq	REJECT
chr6:31996297	G	A	11.55871	899	7	874	16	GG	possible_contamination,alt_allele_in_normal	REJECT
	G	A	5.654354	876	5	873	18	GG	fstar_tumor_lod,possible_contamination,alt_allele_in_normal	REJECT
chr9:99962846	T	C	5.837757	921	5	852	2	TT	fstar_tumor_lod,possible_contamination,alt_allele_in_normal	REJECT
	T	C	7.992952	884	5	849	2	TT	possible_contamination,alt_allele_in_normal	REJECT
chr11:1017032	G	A	0	436	0	908	4	GG	fstar_tumor_lod,nearby_gap_events,possible_contamination,alt_allele_in_normal,poor_mapping_region_alternate_allele_mapq	REJECT
	G	A	0	396	0	905	4	GG	fstar_tumor_lod,nearby_gap_events,possible_contamination,alt_allele_in_normal,poor_mapping_region_alternate_allele_mapq	REJECT
chr18:14513675	T	C	14.950983	889	9	837	14	TT	possible_contamination,alt_allele_in_normal	REJECT
	T	C	3.770175	868	3	837	13	TT	fstar_tumor_lod,possible_contamination,alt_allele_in_normal	REJECT
chr14:106805636	G	A	0.540403	709	1	840	5	GG	fstar_tumor_lod,possible_contamination,alt_allele_in_normal	REJECT
	G	A	0	640	0	837	4	GG	fstar_tumor_lod,possible_contamination,alt_allele_in_normal,poor_mapping_region_alternate_allele_mapq	REJECT
chr9:90534211	A	T	0.47877	525	1	797	2	AA	fstar_tumor_lod,nearby_gap_events,possible_contamination,alt_allele_in_normal,clustered_read_position	REJECT
	A	T	0.552473	546	1	798	0	AA	fstar_tumor_lod,nearby_gap_events,possible_contamination,clustered_read_position	REJECT
chr7:102016744	T	G	11.940921	394	43	667	115	TT	alt_allele_in_normal,strand_artifact	REJECT
	T	G	5.080493	353	30	656	116	TT	fstar_tumor_lod,possible_contamination,alt_allele_in_normal,strand_artifact	REJECT
chr11:1016773	G	T	0	572	0	937	6	GG	fstar_tumor_lod,possible_contamination,alt_allele_in_normal,poor_mapping_region_alternate_allele_mapq	REJECT
	G	T	0	571	0	926	9	GG	fstar_tumor_lod,possible_contamination,alt_allele_in_normal,poor_mapping_region_alternate_allele_mapq	REJECT
chr3:97851834	A	G	5.744133	922	4	897	1	AA	fstar_tumor_lod,possible_contamination	REJECT
	A	G	2.407953	891	2	900	0	AA	fstar_tumor_lod,possible_contamination	REJECT
chr11:1016990	G	T	1.046747	635	2	816	4	GG	fstar_tumor_lod,nearby_gap_events,possible_contamination,alt_allele_in_normal	REJECT
	G	T	0	604	0	822	2	GG	fstar_tumor_lod,nearby_gap_events,possible_contamination,alt_allele_in_normal,poor_mapping_region_alternate_allele_mapq	REJECT
chrX:80370275	T	C	2.265683	839	2	723	2	TT	fstar_tumor_lod,possible_contamination,alt_allele_in_normal	REJECT
	T	C	2.444852	853	2	723	2	TT	fstar_tumor_lod,possible_contamination,alt_allele_in_normal	REJECT
chr1:152187609	A	G	4.337292	709	4	765	6	AA	fstar_tumor_lod,possible_contamination,alt_allele_in_normal,poor_mapping_region_alternate_allele_mapq	REJECT
	A	G	2.17627	846	4	765	6	AA	fstar_tumor_lod,possible_contamination,alt_allele_in_normal,poor_mapping_region_alternate_allele_mapq	REJECT
chr15:22062317	T	C	4.56938	781	4	898	2	TT	fstar_tumor_lod,possible_contamination,alt_allele_in_normal	REJECT
	T	C	4.3776	761	5	915	2	TT	fstar_tumor_lod,possible_contamination,alt_allele_in_normal	REJECT
chr1:248458358	A	G	10.1685	724	7	789	6	AA	nearby_gap_events,possible_contamination,alt_allele_in_normal,clustered_read_position	REJECT
	A	G	2.797105	710	2	788	6	AA	fstar_tumor_lod,nearby_gap_events,possible_contamination,alt_allele_in_normal,clustered_read_position	REJECT
