13910,ACAD10,TCGA-IN-7806-01A-11D-2053-08,112193499.0,https://tcga-data.nci.nih.gov/tcgafiles/ftp_auth/distro_ftpusers/anonymous/tumor/stad/gsc/broad.mit.edu/illuminaga_dnaseq/mutations/broad.mit.edu_STAD.IlluminaGA_DNASeq.Level_2.0.4.0/PR_TCGA_STAD_PAIR_Capture_All_Pairs_QCPASS_v4.aggregated.capture.tcga.uuid.somatic.maf,37,12,112193499,+,A,C,C,p.K1028Q,Missense_Mutation,SNP
20464,ACTL7A,TCGA-IN-7806-01A-11D-2053-08,111625637.0,https://tcga-data.nci.nih.gov/tcgafiles/ftp_auth/distro_ftpusers/anonymous/tumor/stad/gsc/broad.mit.edu/illuminaga_dnaseq/mutations/broad.mit.edu_STAD.IlluminaGA_DNASeq.Level_2.0.4.0/PR_TCGA_STAD_PAIR_Capture_All_Pairs_QCPASS_v4.aggregated.capture.tcga.uuid.somatic.maf,37,9,111625637,+,G,A,A,p.K345K,Silent,SNP
22009,ACVR1B,TCGA-IN-7806-01A-11D-2053-08,52387827.0,https://tcga-data.nci.nih.gov/tcgafiles/ftp_auth/distro_ftpusers/anonymous/tumor/stad/gsc/broad.mit.edu/illuminaga_dnaseq/mutations/broad.mit.edu_STAD.IlluminaGA_DNASeq.Level_2.0.4.0/PR_TCGA_STAD_PAIR_Capture_All_Pairs_QCPASS_v4.aggregated.capture.tcga.uuid.somatic.maf,37,12,52387827,+,G,A,A,p.R525H,Missense_Mutation,SNP
42781,AHI1,TCGA-IN-7806-01A-11D-2053-08,135784438.0,https://tcga-data.nci.nih.gov/tcgafiles/ftp_auth/distro_ftpusers/anonymous/tumor/stad/gsc/broad.mit.edu/illuminaga_dnaseq/mutations/broad.mit.edu_STAD.IlluminaGA_DNASeq.Level_2.0.4.0/PR_TCGA_STAD_PAIR_Capture_All_Pairs_QCPASS_v4.aggregated.capture.tcga.uuid.somatic.maf,37,6,135784438,+,C,T,T,p.L252L,Silent,SNP
51268,AL117485,TCGA-IN-7806-01A-11D-2053-08,18844766.0,https://tcga-data.nci.nih.gov/tcgafiles/ftp_auth/distro_ftpusers/anonymous/tumor/stad/gsc/broad.mit.edu/illuminaga_dnaseq/mutations/broad.mit.edu_STAD.IlluminaGA_DNASeq.Level_2.0.4.0/PR_TCGA_STAD_PAIR_Capture_All_Pairs_QCPASS_v4.aggregated.capture.tcga.uuid.somatic.maf,37,22,18844766,+,G,A,A,,RNA,SNP
51290,AL357213,TCGA-IN-7806-01A-11D-2053-08,85189097.0,https://tcga-data.nci.nih.gov/tcgafiles/ftp_auth/distro_ftpusers/anonymous/tumor/stad/gsc/broad.mit.edu/illuminaga_dnaseq/mutations/broad.mit.edu_STAD.IlluminaGA_DNASeq.Level_2.0.4.0/PR_TCGA_STAD_PAIR_Capture_All_Pairs_QCPASS_v4.aggregated.capture.tcga.uuid.somatic.maf,37,15,85189097,+,G,A,A,p.G197S,Missense_Mutation,SNP
59771,AMZ2P1,TCGA-IN-7806-01A-11D-2053-08,62968690.0,https://tcga-data.nci.nih.gov/tcgafiles/ftp_auth/distro_ftpusers/anonymous/tumor/stad/gsc/broad.mit.edu/illuminaga_dnaseq/mutations/broad.mit.edu_STAD.IlluminaGA_DNASeq.Level_2.0.4.0/PR_TCGA_STAD_PAIR_Capture_All_Pairs_QCPASS_v4.aggregated.capture.tcga.uuid.somatic.maf,37,17,62968690,+,A,G,G,,RNA,SNP
62058,ANK2,TCGA-IN-7806-01A-11D-2053-08,114257924.0,https://tcga-data.nci.nih.gov/tcgafiles/ftp_auth/distro_ftpusers/anonymous/tumor/stad/gsc/broad.mit.edu/illuminaga_dnaseq/mutations/broad.mit.edu_STAD.IlluminaGA_DNASeq.Level_2.0.4.0/PR_TCGA_STAD_PAIR_Capture_All_Pairs_QCPASS_v4.aggregated.capture.tcga.uuid.somatic.maf,37,4,114257924,+,A,G,G,p.L1261L,Silent,SNP
74572,AP2A1,TCGA-IN-7806-01A-11D-2053-08,50302934.0,https://tcga-data.nci.nih.gov/tcgafiles/ftp_auth/distro_ftpusers/anonymous/tumor/stad/gsc/broad.mit.edu/illuminaga_dnaseq/mutations/broad.mit.edu_STAD.IlluminaGA_DNASeq.Level_2.0.4.0/PR_TCGA_STAD_PAIR_Capture_All_Pairs_QCPASS_v4.aggregated.capture.tcga.uuid.somatic.maf,37,19,50302934,+,G,T,T,p.A395S,Missense_Mutation,SNP
76100,APBA2,TCGA-IN-7806-01A-11D-2053-08,29406154.0,https://tcga-data.nci.nih.gov/tcgafiles/ftp_auth/distro_ftpusers/anonymous/tumor/stad/gsc/broad.mit.edu/illuminaga_dnaseq/mutations/broad.mit.edu_STAD.IlluminaGA_DNASeq.Level_2.0.4.0/PR_TCGA_STAD_PAIR_Capture_All_Pairs_QCPASS_v4.aggregated.capture.tcga.uuid.somatic.maf,37,15,29406154,+,G,A,A,p.G705R,Missense_Mutation,SNP
109938,ATP2B3,TCGA-IN-7806-01A-11D-2053-08,152807375.0,https://tcga-data.nci.nih.gov/tcgafiles/ftp_auth/distro_ftpusers/anonymous/tumor/stad/gsc/broad.mit.edu/illuminaga_dnaseq/mutations/broad.mit.edu_STAD.IlluminaGA_DNASeq.Level_2.0.4.0/PR_TCGA_STAD_PAIR_Capture_All_Pairs_QCPASS_v4.aggregated.capture.tcga.uuid.somatic.maf,37,X,152807375,+,G,A,A,p.V219I,Missense_Mutation,SNP
125909,BC101079,TCGA-IN-7806-01A-11D-2053-08,102292813.0,https://tcga-data.nci.nih.gov/tcgafiles/ftp_auth/distro_ftpusers/anonymous/tumor/stad/gsc/broad.mit.edu/illuminaga_dnaseq/mutations/broad.mit.edu_STAD.IlluminaGA_DNASeq.Level_2.0.4.0/PR_TCGA_STAD_PAIR_Capture_All_Pairs_QCPASS_v4.aggregated.capture.tcga.uuid.somatic.maf,37,15,102292813,+,T,G,G,p.V134G,Missense_Mutation,SNP
147453,C10orf71,TCGA-IN-7806-01A-11D-2053-08,50530852.0,https://tcga-data.nci.nih.gov/tcgafiles/ftp_auth/distro_ftpusers/anonymous/tumor/stad/gsc/broad.mit.edu/illuminaga_dnaseq/mutations/broad.mit.edu_STAD.IlluminaGA_DNASeq.Level_2.0.4.0/PR_TCGA_STAD_PAIR_Capture_All_Pairs_QCPASS_v4.aggregated.capture.tcga.uuid.somatic.maf,37,10,50530852,+,C,A,A,p.Q88K,Missense_Mutation,SNP
165951,C20orf195,TCGA-IN-7806-01A-11D-2053-08,62187465.0,https://tcga-data.nci.nih.gov/tcgafiles/ftp_auth/distro_ftpusers/anonymous/tumor/stad/gsc/broad.mit.edu/illuminaga_dnaseq/mutations/broad.mit.edu_STAD.IlluminaGA_DNASeq.Level_2.0.4.0/PR_TCGA_STAD_PAIR_Capture_All_Pairs_QCPASS_v4.aggregated.capture.tcga.uuid.somatic.maf,37,20,62187465,+,G,A,A,p.R150Q,Missense_Mutation,SNP
168416,C2orf42,TCGA-IN-7806-01A-11D-2053-08,70392720.0,https://tcga-data.nci.nih.gov/tcgafiles/ftp_auth/distro_ftpusers/anonymous/tumor/stad/gsc/broad.mit.edu/illuminaga_dnaseq/mutations/broad.mit.edu_STAD.IlluminaGA_DNASeq.Level_2.0.4.0/PR_TCGA_STAD_PAIR_Capture_All_Pairs_QCPASS_v4.aggregated.capture.tcga.uuid.somatic.maf,37,2,70392720,+,C,T,T,p.A398T,Missense_Mutation,SNP
171425,C3orf45,TCGA-IN-7806-01A-11D-2053-08,50324175.0,https://tcga-data.nci.nih.gov/tcgafiles/ftp_auth/distro_ftpusers/anonymous/tumor/stad/gsc/broad.mit.edu/illuminaga_dnaseq/mutations/broad.mit.edu_STAD.IlluminaGA_DNASeq.Level_2.0.4.0/PR_TCGA_STAD_PAIR_Capture_All_Pairs_QCPASS_v4.aggregated.capture.tcga.uuid.somatic.maf,37,3,50324175,+,G,A,A,p.P81P,Silent,SNP
173250,C5AR1,TCGA-IN-7806-01A-11D-2053-08,47823124.0,https://tcga-data.nci.nih.gov/tcgafiles/ftp_auth/distro_ftpusers/anonymous/tumor/stad/gsc/broad.mit.edu/illuminaga_dnaseq/mutations/broad.mit.edu_STAD.IlluminaGA_DNASeq.Level_2.0.4.0/PR_TCGA_STAD_PAIR_Capture_All_Pairs_QCPASS_v4.aggregated.capture.tcga.uuid.somatic.maf,37,19,47823124,+,T,C,C,p.S30S,Silent,SNP
174812,C6orf108,TCGA-IN-7806-01A-11D-2053-08,43197129.0,https://tcga-data.nci.nih.gov/tcgafiles/ftp_auth/distro_ftpusers/anonymous/tumor/stad/gsc/broad.mit.edu/illuminaga_dnaseq/mutations/broad.mit.edu_STAD.IlluminaGA_DNASeq.Level_2.0.4.0/PR_TCGA_STAD_PAIR_Capture_All_Pairs_QCPASS_v4.aggregated.capture.tcga.uuid.somatic.maf,37,6,43197129,+,G,A,A,p.A22A,Silent,SNP
195214,CARNS1,TCGA-IN-7806-01A-11D-2053-08,67191993.0,https://tcga-data.nci.nih.gov/tcgafiles/ftp_auth/distro_ftpusers/anonymous/tumor/stad/gsc/broad.mit.edu/illuminaga_dnaseq/mutations/broad.mit.edu_STAD.IlluminaGA_DNASeq.Level_2.0.4.0/PR_TCGA_STAD_PAIR_Capture_All_Pairs_QCPASS_v4.aggregated.capture.tcga.uuid.somatic.maf,37,11,67191993,+,G,A,A,p.R941H,Missense_Mutation,SNP
241309,CFHR1,TCGA-IN-7806-01A-11D-2053-08,196748348.0,https://tcga-data.nci.nih.gov/tcgafiles/ftp_auth/distro_ftpusers/anonymous/tumor/stad/gsc/broad.mit.edu/illuminaga_dnaseq/mutations/broad.mit.edu_STAD.IlluminaGA_DNASeq.Level_2.0.4.0/PR_TCGA_STAD_PAIR_Capture_All_Pairs_QCPASS_v4.aggregated.capture.tcga.uuid.somatic.maf,37,1,196748348,+,C,T,T,p.R39C,Missense_Mutation,SNP
267243,CNTN5,TCGA-IN-7806-01A-11D-2053-08,99827607.0,https://tcga-data.nci.nih.gov/tcgafiles/ftp_auth/distro_ftpusers/anonymous/tumor/stad/gsc/broad.mit.edu/illuminaga_dnaseq/mutations/broad.mit.edu_STAD.IlluminaGA_DNASeq.Level_2.0.4.0/PR_TCGA_STAD_PAIR_Capture_All_Pairs_QCPASS_v4.aggregated.capture.tcga.uuid.somatic.maf,37,11,99827607,+,C,-,-,p.S248fs,Frame_Shift_Del,DEL
278851,COL5A2,TCGA-IN-7806-01A-11D-2053-08,189933586.0,https://tcga-data.nci.nih.gov/tcgafiles/ftp_auth/distro_ftpusers/anonymous/tumor/stad/gsc/broad.mit.edu/illuminaga_dnaseq/mutations/broad.mit.edu_STAD.IlluminaGA_DNASeq.Level_2.0.4.0/PR_TCGA_STAD_PAIR_Capture_All_Pairs_QCPASS_v4.aggregated.capture.tcga.uuid.somatic.maf,37,2,189933586,+,G,A,A,p.R395*,Nonsense_Mutation,SNP
279179,COL5A3,TCGA-IN-7806-01A-11D-2053-08,10077052.0,https://tcga-data.nci.nih.gov/tcgafiles/ftp_auth/distro_ftpusers/anonymous/tumor/stad/gsc/broad.mit.edu/illuminaga_dnaseq/mutations/broad.mit.edu_STAD.IlluminaGA_DNASeq.Level_2.0.4.0/PR_TCGA_STAD_PAIR_Capture_All_Pairs_QCPASS_v4.aggregated.capture.tcga.uuid.somatic.maf,37,19,10077052,+,C,A,A,p.V1574F,Missense_Mutation,SNP
297677,CSMD1,TCGA-IN-7806-01A-11D-2053-08,3263657.0,https://tcga-data.nci.nih.gov/tcgafiles/ftp_auth/distro_ftpusers/anonymous/tumor/stad/gsc/broad.mit.edu/illuminaga_dnaseq/mutations/broad.mit.edu_STAD.IlluminaGA_DNASeq.Level_2.0.4.0/PR_TCGA_STAD_PAIR_Capture_All_Pairs_QCPASS_v4.aggregated.capture.tcga.uuid.somatic.maf,37,8,3263657,+,A,T,T,p.S720T,Missense_Mutation,SNP
300649,CSNK2A1,TCGA-IN-7806-01A-11D-2053-08,11373733.0,https://tcga-data.nci.nih.gov/tcgafiles/ftp_auth/distro_ftpusers/anonymous/tumor/stad/gsc/broad.mit.edu/illuminaga_dnaseq/mutations/broad.mit.edu_STAD.IlluminaGA_DNASeq.Level_2.0.4.0/PR_TCGA_STAD_PAIR_Capture_All_Pairs_QCPASS_v4.aggregated.capture.tcga.uuid.somatic.maf,37,11,11373733,+,G,A,A,p.R312W,Missense_Mutation,SNP
313560,CYLD,TCGA-IN-7806-01A-11D-2053-08,50785785.0,https://tcga-data.nci.nih.gov/tcgafiles/ftp_auth/distro_ftpusers/anonymous/tumor/stad/gsc/broad.mit.edu/illuminaga_dnaseq/mutations/broad.mit.edu_STAD.IlluminaGA_DNASeq.Level_2.0.4.0/PR_TCGA_STAD_PAIR_Capture_All_Pairs_QCPASS_v4.aggregated.capture.tcga.uuid.somatic.maf,37,16,50785785,+,G,A,A,p.E259K,Missense_Mutation,SNP
324072,DCAF4L2,TCGA-IN-7806-01A-11D-2053-08,88885231.0,https://tcga-data.nci.nih.gov/tcgafiles/ftp_auth/distro_ftpusers/anonymous/tumor/stad/gsc/broad.mit.edu/illuminaga_dnaseq/mutations/broad.mit.edu_STAD.IlluminaGA_DNASeq.Level_2.0.4.0/PR_TCGA_STAD_PAIR_Capture_All_Pairs_QCPASS_v4.aggregated.capture.tcga.uuid.somatic.maf,37,8,88885231,+,G,A,A,p.N323N,Silent,SNP
330098,DDX11,TCGA-IN-7806-01A-11D-2053-08,31237922.0,https://tcga-data.nci.nih.gov/tcgafiles/ftp_auth/distro_ftpusers/anonymous/tumor/stad/gsc/broad.mit.edu/illuminaga_dnaseq/mutations/broad.mit.edu_STAD.IlluminaGA_DNASeq.Level_2.0.4.0/PR_TCGA_STAD_PAIR_Capture_All_Pairs_QCPASS_v4.aggregated.capture.tcga.uuid.somatic.maf,37,12,31237922,+,G,C,C,p.R167T,Missense_Mutation,SNP
344335,DKFZp666K117,TCGA-IN-7806-01A-11D-2053-08,32527507.0,https://tcga-data.nci.nih.gov/tcgafiles/ftp_auth/distro_ftpusers/anonymous/tumor/stad/gsc/broad.mit.edu/illuminaga_dnaseq/mutations/broad.mit.edu_STAD.IlluminaGA_DNASeq.Level_2.0.4.0/PR_TCGA_STAD_PAIR_Capture_All_Pairs_QCPASS_v4.aggregated.capture.tcga.uuid.somatic.maf,37,13,32527508,+,GT,-,-,,RNA,DEL
360696,DNAJC3,TCGA-IN-7806-01A-11D-2053-08,96375503.0,https://tcga-data.nci.nih.gov/tcgafiles/ftp_auth/distro_ftpusers/anonymous/tumor/stad/gsc/broad.mit.edu/illuminaga_dnaseq/mutations/broad.mit.edu_STAD.IlluminaGA_DNASeq.Level_2.0.4.0/PR_TCGA_STAD_PAIR_Capture_All_Pairs_QCPASS_v4.aggregated.capture.tcga.uuid.somatic.maf,37,13,96375503,+,C,T,T,p.D67D,Silent,SNP
370053,DPYS,TCGA-IN-7806-01A-11D-2053-08,105405080.0,https://tcga-data.nci.nih.gov/tcgafiles/ftp_auth/distro_ftpusers/anonymous/tumor/stad/gsc/broad.mit.edu/illuminaga_dnaseq/mutations/broad.mit.edu_STAD.IlluminaGA_DNASeq.Level_2.0.4.0/PR_TCGA_STAD_PAIR_Capture_All_Pairs_QCPASS_v4.aggregated.capture.tcga.uuid.somatic.maf,37,8,105405080,+,C,A,A,p.D459Y,Missense_Mutation,SNP
376999,DTX4,TCGA-IN-7806-01A-11D-2053-08,58949457.0,https://tcga-data.nci.nih.gov/tcgafiles/ftp_auth/distro_ftpusers/anonymous/tumor/stad/gsc/broad.mit.edu/illuminaga_dnaseq/mutations/broad.mit.edu_STAD.IlluminaGA_DNASeq.Level_2.0.4.0/PR_TCGA_STAD_PAIR_Capture_All_Pairs_QCPASS_v4.aggregated.capture.tcga.uuid.somatic.maf,37,11,58949457,+,G,A,A,p.V153I,Missense_Mutation,SNP
380345,DYNC2H1,TCGA-IN-7806-01A-11D-2053-08,103086494.0,https://tcga-data.nci.nih.gov/tcgafiles/ftp_auth/distro_ftpusers/anonymous/tumor/stad/gsc/broad.mit.edu/illuminaga_dnaseq/mutations/broad.mit.edu_STAD.IlluminaGA_DNASeq.Level_2.0.4.0/PR_TCGA_STAD_PAIR_Capture_All_Pairs_QCPASS_v4.aggregated.capture.tcga.uuid.somatic.maf,37,11,103086494,+,A,G,G,p.E2913E,Silent,SNP
387986,EFR3A,TCGA-IN-7806-01A-11D-2053-08,133014029.0,https://tcga-data.nci.nih.gov/tcgafiles/ftp_auth/distro_ftpusers/anonymous/tumor/stad/gsc/broad.mit.edu/illuminaga_dnaseq/mutations/broad.mit.edu_STAD.IlluminaGA_DNASeq.Level_2.0.4.0/PR_TCGA_STAD_PAIR_Capture_All_Pairs_QCPASS_v4.aggregated.capture.tcga.uuid.somatic.maf,37,8,133014036,+,TTTTGAAG,-,-,p.T727fs,Frame_Shift_Del,DEL
429982,FAM154B,TCGA-IN-7806-01A-11D-2053-08,82575372.0,https://tcga-data.nci.nih.gov/tcgafiles/ftp_auth/distro_ftpusers/anonymous/tumor/stad/gsc/broad.mit.edu/illuminaga_dnaseq/mutations/broad.mit.edu_STAD.IlluminaGA_DNASeq.Level_2.0.4.0/PR_TCGA_STAD_PAIR_Capture_All_Pairs_QCPASS_v4.aggregated.capture.tcga.uuid.somatic.maf,37,15,82575372,+,G,A,A,p.R389H,Missense_Mutation,SNP
446906,FASN,TCGA-IN-7806-01A-11D-2053-08,80046085.0,https://tcga-data.nci.nih.gov/tcgafiles/ftp_auth/distro_ftpusers/anonymous/tumor/stad/gsc/broad.mit.edu/illuminaga_dnaseq/mutations/broad.mit.edu_STAD.IlluminaGA_DNASeq.Level_2.0.4.0/PR_TCGA_STAD_PAIR_Capture_All_Pairs_QCPASS_v4.aggregated.capture.tcga.uuid.somatic.maf,37,17,80046085,+,T,C,C,p.T898A,Missense_Mutation,SNP
469471,FLJ00050,TCGA-IN-7806-01A-11D-2053-08,16835804.0,https://tcga-data.nci.nih.gov/tcgafiles/ftp_auth/distro_ftpusers/anonymous/tumor/stad/gsc/broad.mit.edu/illuminaga_dnaseq/mutations/broad.mit.edu_STAD.IlluminaGA_DNASeq.Level_2.0.4.0/PR_TCGA_STAD_PAIR_Capture_All_Pairs_QCPASS_v4.aggregated.capture.tcga.uuid.somatic.maf,37,17,16835804,+,C,T,T,,RNA,SNP
472301,FLRT3,TCGA-IN-7806-01A-11D-2053-08,14306395.0,https://tcga-data.nci.nih.gov/tcgafiles/ftp_auth/distro_ftpusers/anonymous/tumor/stad/gsc/broad.mit.edu/illuminaga_dnaseq/mutations/broad.mit.edu_STAD.IlluminaGA_DNASeq.Level_2.0.4.0/PR_TCGA_STAD_PAIR_Capture_All_Pairs_QCPASS_v4.aggregated.capture.tcga.uuid.somatic.maf,37,20,14306395,+,G,A,A,p.I586I,Silent,SNP
480245,FPR2,TCGA-IN-7806-01A-11D-2053-08,52272624.0,https://tcga-data.nci.nih.gov/tcgafiles/ftp_auth/distro_ftpusers/anonymous/tumor/stad/gsc/broad.mit.edu/illuminaga_dnaseq/mutations/broad.mit.edu_STAD.IlluminaGA_DNASeq.Level_2.0.4.0/PR_TCGA_STAD_PAIR_Capture_All_Pairs_QCPASS_v4.aggregated.capture.tcga.uuid.somatic.maf,37,19,52272624,+,G,A,A,p.R238H,Missense_Mutation,SNP
509710,GLB1L,TCGA-IN-7806-01A-11D-2053-08,220104395.0,https://tcga-data.nci.nih.gov/tcgafiles/ftp_auth/distro_ftpusers/anonymous/tumor/stad/gsc/broad.mit.edu/illuminaga_dnaseq/mutations/broad.mit.edu_STAD.IlluminaGA_DNASeq.Level_2.0.4.0/PR_TCGA_STAD_PAIR_Capture_All_Pairs_QCPASS_v4.aggregated.capture.tcga.uuid.somatic.maf,37,2,220104395,+,C,T,T,p.E264K,Missense_Mutation,SNP
534848,GRID1,TCGA-IN-7806-01A-11D-2053-08,87379661.0,https://tcga-data.nci.nih.gov/tcgafiles/ftp_auth/distro_ftpusers/anonymous/tumor/stad/gsc/broad.mit.edu/illuminaga_dnaseq/mutations/broad.mit.edu_STAD.IlluminaGA_DNASeq.Level_2.0.4.0/PR_TCGA_STAD_PAIR_Capture_All_Pairs_QCPASS_v4.aggregated.capture.tcga.uuid.somatic.maf,37,10,87379661,+,G,T,T,p.Q775K,Missense_Mutation,SNP
552562,HDC,TCGA-IN-7806-01A-11D-2053-08,50534549.0,https://tcga-data.nci.nih.gov/tcgafiles/ftp_auth/distro_ftpusers/anonymous/tumor/stad/gsc/broad.mit.edu/illuminaga_dnaseq/mutations/broad.mit.edu_STAD.IlluminaGA_DNASeq.Level_2.0.4.0/PR_TCGA_STAD_PAIR_Capture_All_Pairs_QCPASS_v4.aggregated.capture.tcga.uuid.somatic.maf,37,15,50534550,+,-,T,T,p.K632fs,Frame_Shift_Ins,INS
563284,HIST1H2AD,TCGA-IN-7806-01A-11D-2053-08,26199398.0,https://tcga-data.nci.nih.gov/tcgafiles/ftp_auth/distro_ftpusers/anonymous/tumor/stad/gsc/broad.mit.edu/illuminaga_dnaseq/mutations/broad.mit.edu_STAD.IlluminaGA_DNASeq.Level_2.0.4.0/PR_TCGA_STAD_PAIR_Capture_All_Pairs_QCPASS_v4.aggregated.capture.tcga.uuid.somatic.maf,37,6,26199398,+,T,G,G,p.Q25P,Missense_Mutation,SNP
585864,IARS,TCGA-IN-7806-01A-11D-2053-08,95009740.0,https://tcga-data.nci.nih.gov/tcgafiles/ftp_auth/distro_ftpusers/anonymous/tumor/stad/gsc/broad.mit.edu/illuminaga_dnaseq/mutations/broad.mit.edu_STAD.IlluminaGA_DNASeq.Level_2.0.4.0/PR_TCGA_STAD_PAIR_Capture_All_Pairs_QCPASS_v4.aggregated.capture.tcga.uuid.somatic.maf,37,9,95009740,+,G,A,A,p.R904C,Missense_Mutation,SNP
586667,ICK,TCGA-IN-7806-01A-11D-2053-08,52883129.0,https://tcga-data.nci.nih.gov/tcgafiles/ftp_auth/distro_ftpusers/anonymous/tumor/stad/gsc/broad.mit.edu/illuminaga_dnaseq/mutations/broad.mit.edu_STAD.IlluminaGA_DNASeq.Level_2.0.4.0/PR_TCGA_STAD_PAIR_Capture_All_Pairs_QCPASS_v4.aggregated.capture.tcga.uuid.somatic.maf,37,6,52883129,+,T,-,-,p.K221_splice,Splice_Site,DEL
595509,IKBKE,TCGA-IN-7806-01A-11D-2053-08,206650166.0,https://tcga-data.nci.nih.gov/tcgafiles/ftp_auth/distro_ftpusers/anonymous/tumor/stad/gsc/broad.mit.edu/illuminaga_dnaseq/mutations/broad.mit.edu_STAD.IlluminaGA_DNASeq.Level_2.0.4.0/PR_TCGA_STAD_PAIR_Capture_All_Pairs_QCPASS_v4.aggregated.capture.tcga.uuid.somatic.maf,37,1,206650166,+,G,A,A,p.R229Q,Missense_Mutation,SNP
599589,IL31,TCGA-IN-7806-01A-11D-2053-08,122658467.0,https://tcga-data.nci.nih.gov/tcgafiles/ftp_auth/distro_ftpusers/anonymous/tumor/stad/gsc/broad.mit.edu/illuminaga_dnaseq/mutations/broad.mit.edu_STAD.IlluminaGA_DNASeq.Level_2.0.4.0/PR_TCGA_STAD_PAIR_Capture_All_Pairs_QCPASS_v4.aggregated.capture.tcga.uuid.somatic.maf,37,12,122658467,+,C,T,T,p.R30H,Missense_Mutation,SNP
601476,ILVBL,TCGA-IN-7806-01A-11D-2053-08,15233935.0,https://tcga-data.nci.nih.gov/tcgafiles/ftp_auth/distro_ftpusers/anonymous/tumor/stad/gsc/broad.mit.edu/illuminaga_dnaseq/mutations/broad.mit.edu_STAD.IlluminaGA_DNASeq.Level_2.0.4.0/PR_TCGA_STAD_PAIR_Capture_All_Pairs_QCPASS_v4.aggregated.capture.tcga.uuid.somatic.maf,37,19,15233935,+,G,A,A,p.L153L,Silent,SNP
621796,JAKMIP1,TCGA-IN-7806-01A-11D-2053-08,6107592.0,https://tcga-data.nci.nih.gov/tcgafiles/ftp_auth/distro_ftpusers/anonymous/tumor/stad/gsc/broad.mit.edu/illuminaga_dnaseq/mutations/broad.mit.edu_STAD.IlluminaGA_DNASeq.Level_2.0.4.0/PR_TCGA_STAD_PAIR_Capture_All_Pairs_QCPASS_v4.aggregated.capture.tcga.uuid.somatic.maf,37,4,6107592,+,C,T,T,p.E78K,Missense_Mutation,SNP
677421,KRTAP4-5,TCGA-IN-7806-01A-11D-2053-08,39305839.0,https://tcga-data.nci.nih.gov/tcgafiles/ftp_auth/distro_ftpusers/anonymous/tumor/stad/gsc/broad.mit.edu/illuminaga_dnaseq/mutations/broad.mit.edu_STAD.IlluminaGA_DNASeq.Level_2.0.4.0/PR_TCGA_STAD_PAIR_Capture_All_Pairs_QCPASS_v4.aggregated.capture.tcga.uuid.somatic.maf,37,17,39305839,+,A,T,T,p.C61S,Missense_Mutation,SNP
677590,KRTAP4-6,TCGA-IN-7806-01A-11D-2053-08,39296152.0,https://tcga-data.nci.nih.gov/tcgafiles/ftp_auth/distro_ftpusers/anonymous/tumor/stad/gsc/broad.mit.edu/illuminaga_dnaseq/mutations/broad.mit.edu_STAD.IlluminaGA_DNASeq.Level_2.0.4.0/PR_TCGA_STAD_PAIR_Capture_All_Pairs_QCPASS_v4.aggregated.capture.tcga.uuid.somatic.maf,37,17,39296152,+,A,G,G,p.R196R,Silent,SNP
677591,KRTAP4-6,TCGA-IN-7806-01A-11D-2053-08,39296158.0,https://tcga-data.nci.nih.gov/tcgafiles/ftp_auth/distro_ftpusers/anonymous/tumor/stad/gsc/broad.mit.edu/illuminaga_dnaseq/mutations/broad.mit.edu_STAD.IlluminaGA_DNASeq.Level_2.0.4.0/PR_TCGA_STAD_PAIR_Capture_All_Pairs_QCPASS_v4.aggregated.capture.tcga.uuid.somatic.maf,37,17,39296158,+,G,A,A,p.C194C,Silent,SNP
681523,LAMA1,TCGA-IN-7806-01A-11D-2053-08,6942154.0,https://tcga-data.nci.nih.gov/tcgafiles/ftp_auth/distro_ftpusers/anonymous/tumor/stad/gsc/broad.mit.edu/illuminaga_dnaseq/mutations/broad.mit.edu_STAD.IlluminaGA_DNASeq.Level_2.0.4.0/PR_TCGA_STAD_PAIR_Capture_All_Pairs_QCPASS_v4.aggregated.capture.tcga.uuid.somatic.maf,37,18,6942154,+,A,G,G,p.V3051A,Missense_Mutation,SNP
696121,LIMCH1,TCGA-IN-7806-01A-11D-2053-08,41615625.0,https://tcga-data.nci.nih.gov/tcgafiles/ftp_auth/distro_ftpusers/anonymous/tumor/stad/gsc/broad.mit.edu/illuminaga_dnaseq/mutations/broad.mit.edu_STAD.IlluminaGA_DNASeq.Level_2.0.4.0/PR_TCGA_STAD_PAIR_Capture_All_Pairs_QCPASS_v4.aggregated.capture.tcga.uuid.somatic.maf,37,4,41615625,+,C,T,T,p.S51F,Missense_Mutation,SNP
715581,LRBA,TCGA-IN-7806-01A-11D-2053-08,151388910.0,https://tcga-data.nci.nih.gov/tcgafiles/ftp_auth/distro_ftpusers/anonymous/tumor/stad/gsc/broad.mit.edu/illuminaga_dnaseq/mutations/broad.mit.edu_STAD.IlluminaGA_DNASeq.Level_2.0.4.0/PR_TCGA_STAD_PAIR_Capture_All_Pairs_QCPASS_v4.aggregated.capture.tcga.uuid.somatic.maf,37,4,151388910,+,T,C,C,p.Y2243C,Missense_Mutation,SNP
720777,LRP2,TCGA-IN-7806-01A-11D-2053-08,170099465.0,https://tcga-data.nci.nih.gov/tcgafiles/ftp_auth/distro_ftpusers/anonymous/tumor/stad/gsc/broad.mit.edu/illuminaga_dnaseq/mutations/broad.mit.edu_STAD.IlluminaGA_DNASeq.Level_2.0.4.0/PR_TCGA_STAD_PAIR_Capture_All_Pairs_QCPASS_v4.aggregated.capture.tcga.uuid.somatic.maf,37,2,170099465,+,C,T,T,p.P1223_splice,Splice_Site,SNP
725409,LRRC58,TCGA-IN-7806-01A-11D-2053-08,120067767.0,https://tcga-data.nci.nih.gov/tcgafiles/ftp_auth/distro_ftpusers/anonymous/tumor/stad/gsc/broad.mit.edu/illuminaga_dnaseq/mutations/broad.mit.edu_STAD.IlluminaGA_DNASeq.Level_2.0.4.0/PR_TCGA_STAD_PAIR_Capture_All_Pairs_QCPASS_v4.aggregated.capture.tcga.uuid.somatic.maf,37,3,120067767,+,C,-,-,p.A108fs,Frame_Shift_Del,DEL
763488,MEN1,TCGA-IN-7806-01A-11D-2053-08,64572604.0,https://tcga-data.nci.nih.gov/tcgafiles/ftp_auth/distro_ftpusers/anonymous/tumor/stad/gsc/broad.mit.edu/illuminaga_dnaseq/mutations/broad.mit.edu_STAD.IlluminaGA_DNASeq.Level_2.0.4.0/PR_TCGA_STAD_PAIR_Capture_All_Pairs_QCPASS_v4.aggregated.capture.tcga.uuid.somatic.maf,37,11,64572604,+,C,A,A,p.D423Y,Missense_Mutation,SNP
763489,MEN1,TCGA-IN-7806-01A-11D-2053-08,64575026.0,https://tcga-data.nci.nih.gov/tcgafiles/ftp_auth/distro_ftpusers/anonymous/tumor/stad/gsc/broad.mit.edu/illuminaga_dnaseq/mutations/broad.mit.edu_STAD.IlluminaGA_DNASeq.Level_2.0.4.0/PR_TCGA_STAD_PAIR_Capture_All_Pairs_QCPASS_v4.aggregated.capture.tcga.uuid.somatic.maf,37,11,64575026,+,G,A,A,p.Q266*,Nonsense_Mutation,SNP
768892,MGC16703,TCGA-IN-7806-01A-11D-2053-08,21363235.0,https://tcga-data.nci.nih.gov/tcgafiles/ftp_auth/distro_ftpusers/anonymous/tumor/stad/gsc/broad.mit.edu/illuminaga_dnaseq/mutations/broad.mit.edu_STAD.IlluminaGA_DNASeq.Level_2.0.4.0/PR_TCGA_STAD_PAIR_Capture_All_Pairs_QCPASS_v4.aggregated.capture.tcga.uuid.somatic.maf,37,22,21363235,+,C,T,T,,RNA,SNP
769503,MGC70870,TCGA-IN-7806-01A-11D-2053-08,118420.0,https://tcga-data.nci.nih.gov/tcgafiles/ftp_auth/distro_ftpusers/anonymous/tumor/stad/gsc/broad.mit.edu/illuminaga_dnaseq/mutations/broad.mit.edu_STAD.IlluminaGA_DNASeq.Level_2.0.4.0/PR_TCGA_STAD_PAIR_Capture_All_Pairs_QCPASS_v4.aggregated.capture.tcga.uuid.somatic.maf,37,GL000205.1,118420,+,G,A,A,,RNA,SNP
792077,MSH6,TCGA-IN-7806-01A-11D-2053-08,48025978.0,https://tcga-data.nci.nih.gov/tcgafiles/ftp_auth/distro_ftpusers/anonymous/tumor/stad/gsc/broad.mit.edu/illuminaga_dnaseq/mutations/broad.mit.edu_STAD.IlluminaGA_DNASeq.Level_2.0.4.0/PR_TCGA_STAD_PAIR_Capture_All_Pairs_QCPASS_v4.aggregated.capture.tcga.uuid.somatic.maf,37,2,48025978,+,G,A,A,p.E286K,Missense_Mutation,SNP
804183,MUC17,TCGA-IN-7806-01A-11D-2053-08,100684763.0,https://tcga-data.nci.nih.gov/tcgafiles/ftp_auth/distro_ftpusers/anonymous/tumor/stad/gsc/broad.mit.edu/illuminaga_dnaseq/mutations/broad.mit.edu_STAD.IlluminaGA_DNASeq.Level_2.0.4.0/PR_TCGA_STAD_PAIR_Capture_All_Pairs_QCPASS_v4.aggregated.capture.tcga.uuid.somatic.maf,37,7,100684763,+,G,A,A,p.E3356K,Missense_Mutation,SNP
807575,MUC6,TCGA-IN-7806-01A-11D-2053-08,1018031.0,https://tcga-data.nci.nih.gov/tcgafiles/ftp_auth/distro_ftpusers/anonymous/tumor/stad/gsc/broad.mit.edu/illuminaga_dnaseq/mutations/broad.mit.edu_STAD.IlluminaGA_DNASeq.Level_2.0.4.0/PR_TCGA_STAD_PAIR_Capture_All_Pairs_QCPASS_v4.aggregated.capture.tcga.uuid.somatic.maf,37,11,1018031,+,G,-,-,p.P1590fs,Frame_Shift_Del,DEL
820011,MYO1B,TCGA-IN-7806-01A-11D-2053-08,192194740.0,https://tcga-data.nci.nih.gov/tcgafiles/ftp_auth/distro_ftpusers/anonymous/tumor/stad/gsc/broad.mit.edu/illuminaga_dnaseq/mutations/broad.mit.edu_STAD.IlluminaGA_DNASeq.Level_2.0.4.0/PR_TCGA_STAD_PAIR_Capture_All_Pairs_QCPASS_v4.aggregated.capture.tcga.uuid.somatic.maf,37,2,192194740,+,G,T,T,p.G111*,Nonsense_Mutation,SNP
822394,MYO7A,TCGA-IN-7806-01A-11D-2053-08,76893499.0,https://tcga-data.nci.nih.gov/tcgafiles/ftp_auth/distro_ftpusers/anonymous/tumor/stad/gsc/broad.mit.edu/illuminaga_dnaseq/mutations/broad.mit.edu_STAD.IlluminaGA_DNASeq.Level_2.0.4.0/PR_TCGA_STAD_PAIR_Capture_All_Pairs_QCPASS_v4.aggregated.capture.tcga.uuid.somatic.maf,37,11,76893499,+,C,T,T,p.R1047C,Missense_Mutation,SNP
823127,MYO9B,TCGA-IN-7806-01A-11D-2053-08,17294679.0,https://tcga-data.nci.nih.gov/tcgafiles/ftp_auth/distro_ftpusers/anonymous/tumor/stad/gsc/broad.mit.edu/illuminaga_dnaseq/mutations/broad.mit.edu_STAD.IlluminaGA_DNASeq.Level_2.0.4.0/PR_TCGA_STAD_PAIR_Capture_All_Pairs_QCPASS_v4.aggregated.capture.tcga.uuid.somatic.maf,37,19,17294680,+,-,A,A,p.K791_splice,Splice_Site,INS
833812,NBPF10,TCGA-IN-7806-01A-11D-2053-08,145327548.0,https://tcga-data.nci.nih.gov/tcgafiles/ftp_auth/distro_ftpusers/anonymous/tumor/stad/gsc/broad.mit.edu/illuminaga_dnaseq/mutations/broad.mit.edu_STAD.IlluminaGA_DNASeq.Level_2.0.4.0/PR_TCGA_STAD_PAIR_Capture_All_Pairs_QCPASS_v4.aggregated.capture.tcga.uuid.somatic.maf,37,1,145327548,+,A,G,G,p.N1369D,Missense_Mutation,SNP
846083,NETO1,TCGA-IN-7806-01A-11D-2053-08,70417340.0,https://tcga-data.nci.nih.gov/tcgafiles/ftp_auth/distro_ftpusers/anonymous/tumor/stad/gsc/broad.mit.edu/illuminaga_dnaseq/mutations/broad.mit.edu_STAD.IlluminaGA_DNASeq.Level_2.0.4.0/PR_TCGA_STAD_PAIR_Capture_All_Pairs_QCPASS_v4.aggregated.capture.tcga.uuid.somatic.maf,37,18,70417340,+,T,C,C,p.T500A,Missense_Mutation,SNP
858558,NLRP6,TCGA-IN-7806-01A-11D-2053-08,281553.0,https://tcga-data.nci.nih.gov/tcgafiles/ftp_auth/distro_ftpusers/anonymous/tumor/stad/gsc/broad.mit.edu/illuminaga_dnaseq/mutations/broad.mit.edu_STAD.IlluminaGA_DNASeq.Level_2.0.4.0/PR_TCGA_STAD_PAIR_Capture_All_Pairs_QCPASS_v4.aggregated.capture.tcga.uuid.somatic.maf,37,11,281555,+,GAG,-,-,p.E611del,In_Frame_Del,DEL
883539,NYAP2,TCGA-IN-7806-01A-11D-2053-08,226446838.0,https://tcga-data.nci.nih.gov/tcgafiles/ftp_auth/distro_ftpusers/anonymous/tumor/stad/gsc/broad.mit.edu/illuminaga_dnaseq/mutations/broad.mit.edu_STAD.IlluminaGA_DNASeq.Level_2.0.4.0/PR_TCGA_STAD_PAIR_Capture_All_Pairs_QCPASS_v4.aggregated.capture.tcga.uuid.somatic.maf,37,2,226446838,+,G,A,A,p.A235A,Silent,SNP
888671,ODZ4,TCGA-IN-7806-01A-11D-2053-08,78498043.0,https://tcga-data.nci.nih.gov/tcgafiles/ftp_auth/distro_ftpusers/anonymous/tumor/stad/gsc/broad.mit.edu/illuminaga_dnaseq/mutations/broad.mit.edu_STAD.IlluminaGA_DNASeq.Level_2.0.4.0/PR_TCGA_STAD_PAIR_Capture_All_Pairs_QCPASS_v4.aggregated.capture.tcga.uuid.somatic.maf,37,11,78498043,+,G,A,A,p.C755C,Silent,SNP
972792,PDHA2,TCGA-IN-7806-01A-11D-2053-08,96761778.0,https://tcga-data.nci.nih.gov/tcgafiles/ftp_auth/distro_ftpusers/anonymous/tumor/stad/gsc/broad.mit.edu/illuminaga_dnaseq/mutations/broad.mit.edu_STAD.IlluminaGA_DNASeq.Level_2.0.4.0/PR_TCGA_STAD_PAIR_Capture_All_Pairs_QCPASS_v4.aggregated.capture.tcga.uuid.somatic.maf,37,4,96761778,+,T,A,A,p.Y159*,Nonsense_Mutation,SNP
986037,PHPT1,TCGA-IN-7806-01A-11D-2053-08,139744466.0,https://tcga-data.nci.nih.gov/tcgafiles/ftp_auth/distro_ftpusers/anonymous/tumor/stad/gsc/broad.mit.edu/illuminaga_dnaseq/mutations/broad.mit.edu_STAD.IlluminaGA_DNASeq.Level_2.0.4.0/PR_TCGA_STAD_PAIR_Capture_All_Pairs_QCPASS_v4.aggregated.capture.tcga.uuid.somatic.maf,37,9,139744466,+,G,A,A,p.A54_splice,Splice_Site,SNP
996044,PKD2,TCGA-IN-7806-01A-11D-2053-08,88995977.0,https://tcga-data.nci.nih.gov/tcgafiles/ftp_auth/distro_ftpusers/anonymous/tumor/stad/gsc/broad.mit.edu/illuminaga_dnaseq/mutations/broad.mit.edu_STAD.IlluminaGA_DNASeq.Level_2.0.4.0/PR_TCGA_STAD_PAIR_Capture_All_Pairs_QCPASS_v4.aggregated.capture.tcga.uuid.somatic.maf,37,4,88995977,+,G,A,A,p.V846M,Missense_Mutation,SNP
997167,PKHD1,TCGA-IN-7806-01A-11D-2053-08,51882288.0,https://tcga-data.nci.nih.gov/tcgafiles/ftp_auth/distro_ftpusers/anonymous/tumor/stad/gsc/broad.mit.edu/illuminaga_dnaseq/mutations/broad.mit.edu_STAD.IlluminaGA_DNASeq.Level_2.0.4.0/PR_TCGA_STAD_PAIR_Capture_All_Pairs_QCPASS_v4.aggregated.capture.tcga.uuid.somatic.maf,37,6,51882288,+,G,A,A,p.C1840C,Silent,SNP
1010250,PLXDC1,TCGA-IN-7806-01A-11D-2053-08,37264391.0,https://tcga-data.nci.nih.gov/tcgafiles/ftp_auth/distro_ftpusers/anonymous/tumor/stad/gsc/broad.mit.edu/illuminaga_dnaseq/mutations/broad.mit.edu_STAD.IlluminaGA_DNASeq.Level_2.0.4.0/PR_TCGA_STAD_PAIR_Capture_All_Pairs_QCPASS_v4.aggregated.capture.tcga.uuid.somatic.maf,37,17,37264391,+,C,T,T,p.V193I,Missense_Mutation,SNP
1033442,PRAMEF17,TCGA-IN-7806-01A-11D-2053-08,13716908.0,https://tcga-data.nci.nih.gov/tcgafiles/ftp_auth/distro_ftpusers/anonymous/tumor/stad/gsc/broad.mit.edu/illuminaga_dnaseq/mutations/broad.mit.edu_STAD.IlluminaGA_DNASeq.Level_2.0.4.0/PR_TCGA_STAD_PAIR_Capture_All_Pairs_QCPASS_v4.aggregated.capture.tcga.uuid.somatic.maf,37,1,13716908,+,G,A,A,p.R132K,Missense_Mutation,SNP
1040718,PRKCQ,TCGA-IN-7806-01A-11D-2053-08,6472771.0,https://tcga-data.nci.nih.gov/tcgafiles/ftp_auth/distro_ftpusers/anonymous/tumor/stad/gsc/broad.mit.edu/illuminaga_dnaseq/mutations/broad.mit.edu_STAD.IlluminaGA_DNASeq.Level_2.0.4.0/PR_TCGA_STAD_PAIR_Capture_All_Pairs_QCPASS_v4.aggregated.capture.tcga.uuid.somatic.maf,37,10,6472771,+,C,A,A,p.V688_splice,Splice_Site,SNP
1046201,PRR21,TCGA-IN-7806-01A-11D-2053-08,240981279.0,https://tcga-data.nci.nih.gov/tcgafiles/ftp_auth/distro_ftpusers/anonymous/tumor/stad/gsc/broad.mit.edu/illuminaga_dnaseq/mutations/broad.mit.edu_STAD.IlluminaGA_DNASeq.Level_2.0.4.0/PR_TCGA_STAD_PAIR_Capture_All_Pairs_QCPASS_v4.aggregated.capture.tcga.uuid.somatic.maf,37,2,240981279,+,T,C,C,p.N374S,Missense_Mutation,SNP
1067389,PXDN,TCGA-IN-7806-01A-11D-2053-08,1670198.0,https://tcga-data.nci.nih.gov/tcgafiles/ftp_auth/distro_ftpusers/anonymous/tumor/stad/gsc/broad.mit.edu/illuminaga_dnaseq/mutations/broad.mit.edu_STAD.IlluminaGA_DNASeq.Level_2.0.4.0/PR_TCGA_STAD_PAIR_Capture_All_Pairs_QCPASS_v4.aggregated.capture.tcga.uuid.somatic.maf,37,2,1670198,+,G,A,A,p.T360M,Missense_Mutation,SNP
1070720,RAB11FIP1,TCGA-IN-7806-01A-11D-2053-08,37729256.0,https://tcga-data.nci.nih.gov/tcgafiles/ftp_auth/distro_ftpusers/anonymous/tumor/stad/gsc/broad.mit.edu/illuminaga_dnaseq/mutations/broad.mit.edu_STAD.IlluminaGA_DNASeq.Level_2.0.4.0/PR_TCGA_STAD_PAIR_Capture_All_Pairs_QCPASS_v4.aggregated.capture.tcga.uuid.somatic.maf,37,8,37729256,+,C,T,T,p.V1022I,Missense_Mutation,SNP
1091492,RELN,TCGA-IN-7806-01A-11D-2053-08,103290823.0,https://tcga-data.nci.nih.gov/tcgafiles/ftp_auth/distro_ftpusers/anonymous/tumor/stad/gsc/broad.mit.edu/illuminaga_dnaseq/mutations/broad.mit.edu_STAD.IlluminaGA_DNASeq.Level_2.0.4.0/PR_TCGA_STAD_PAIR_Capture_All_Pairs_QCPASS_v4.aggregated.capture.tcga.uuid.somatic.maf,37,7,103290823,+,G,A,A,p.R634*,Nonsense_Mutation,SNP
1093397,REXO4,TCGA-IN-7806-01A-11D-2053-08,136282791.0,https://tcga-data.nci.nih.gov/tcgafiles/ftp_auth/distro_ftpusers/anonymous/tumor/stad/gsc/broad.mit.edu/illuminaga_dnaseq/mutations/broad.mit.edu_STAD.IlluminaGA_DNASeq.Level_2.0.4.0/PR_TCGA_STAD_PAIR_Capture_All_Pairs_QCPASS_v4.aggregated.capture.tcga.uuid.somatic.maf,37,9,136282791,+,T,C,C,p.R58R,Silent,SNP
1118844,RPTN,TCGA-IN-7806-01A-11D-2053-08,152128169.0,https://tcga-data.nci.nih.gov/tcgafiles/ftp_auth/distro_ftpusers/anonymous/tumor/stad/gsc/broad.mit.edu/illuminaga_dnaseq/mutations/broad.mit.edu_STAD.IlluminaGA_DNASeq.Level_2.0.4.0/PR_TCGA_STAD_PAIR_Capture_All_Pairs_QCPASS_v4.aggregated.capture.tcga.uuid.somatic.maf,37,1,152128172,+,TGTC,-,-,p.R468fs,Frame_Shift_Del,DEL
1121650,RSPH9,TCGA-IN-7806-01A-11D-2053-08,43612845.0,https://tcga-data.nci.nih.gov/tcgafiles/ftp_auth/distro_ftpusers/anonymous/tumor/stad/gsc/broad.mit.edu/illuminaga_dnaseq/mutations/broad.mit.edu_STAD.IlluminaGA_DNASeq.Level_2.0.4.0/PR_TCGA_STAD_PAIR_Capture_All_Pairs_QCPASS_v4.aggregated.capture.tcga.uuid.somatic.maf,37,6,43612845,+,G,A,A,p.D4N,Missense_Mutation,SNP
1127956,RYR2,TCGA-IN-7806-01A-11D-2053-08,237729908.0,https://tcga-data.nci.nih.gov/tcgafiles/ftp_auth/distro_ftpusers/anonymous/tumor/stad/gsc/broad.mit.edu/illuminaga_dnaseq/mutations/broad.mit.edu_STAD.IlluminaGA_DNASeq.Level_2.0.4.0/PR_TCGA_STAD_PAIR_Capture_All_Pairs_QCPASS_v4.aggregated.capture.tcga.uuid.somatic.maf,37,1,237729908,+,C,T,T,p.R1086*,Nonsense_Mutation,SNP
1127957,RYR2,TCGA-IN-7806-01A-11D-2053-08,237794733.0,https://tcga-data.nci.nih.gov/tcgafiles/ftp_auth/distro_ftpusers/anonymous/tumor/stad/gsc/broad.mit.edu/illuminaga_dnaseq/mutations/broad.mit.edu_STAD.IlluminaGA_DNASeq.Level_2.0.4.0/PR_TCGA_STAD_PAIR_Capture_All_Pairs_QCPASS_v4.aggregated.capture.tcga.uuid.somatic.maf,37,1,237794733,+,T,A,A,p.I2149I,Silent,SNP
1148517,SEC31B,TCGA-IN-7806-01A-11D-2053-08,102265860.0,https://tcga-data.nci.nih.gov/tcgafiles/ftp_auth/distro_ftpusers/anonymous/tumor/stad/gsc/broad.mit.edu/illuminaga_dnaseq/mutations/broad.mit.edu_STAD.IlluminaGA_DNASeq.Level_2.0.4.0/PR_TCGA_STAD_PAIR_Capture_All_Pairs_QCPASS_v4.aggregated.capture.tcga.uuid.somatic.maf,37,10,102265860,+,C,A,A,p.W327C,Missense_Mutation,SNP
1191529,SLC35F5,TCGA-IN-7806-01A-11D-2053-08,114513058.0,https://tcga-data.nci.nih.gov/tcgafiles/ftp_auth/distro_ftpusers/anonymous/tumor/stad/gsc/broad.mit.edu/illuminaga_dnaseq/mutations/broad.mit.edu_STAD.IlluminaGA_DNASeq.Level_2.0.4.0/PR_TCGA_STAD_PAIR_Capture_All_Pairs_QCPASS_v4.aggregated.capture.tcga.uuid.somatic.maf,37,2,114513058,+,T,C,C,p.E35G,Missense_Mutation,SNP
1207929,SLITRK2,TCGA-IN-7806-01A-11D-2053-08,144906417.0,https://tcga-data.nci.nih.gov/tcgafiles/ftp_auth/distro_ftpusers/anonymous/tumor/stad/gsc/broad.mit.edu/illuminaga_dnaseq/mutations/broad.mit.edu_STAD.IlluminaGA_DNASeq.Level_2.0.4.0/PR_TCGA_STAD_PAIR_Capture_All_Pairs_QCPASS_v4.aggregated.capture.tcga.uuid.somatic.maf,37,X,144906417,+,A,C,C,p.K825T,Missense_Mutation,SNP
1213446,SMG5,TCGA-IN-7806-01A-11D-2053-08,156222291.0,https://tcga-data.nci.nih.gov/tcgafiles/ftp_auth/distro_ftpusers/anonymous/tumor/stad/gsc/broad.mit.edu/illuminaga_dnaseq/mutations/broad.mit.edu_STAD.IlluminaGA_DNASeq.Level_2.0.4.0/PR_TCGA_STAD_PAIR_Capture_All_Pairs_QCPASS_v4.aggregated.capture.tcga.uuid.somatic.maf,37,1,156222291,+,G,A,A,p.I889I,Silent,SNP
1255191,STYXL1,TCGA-IN-7806-01A-11D-2053-08,75634686.0,https://tcga-data.nci.nih.gov/tcgafiles/ftp_auth/distro_ftpusers/anonymous/tumor/stad/gsc/broad.mit.edu/illuminaga_dnaseq/mutations/broad.mit.edu_STAD.IlluminaGA_DNASeq.Level_2.0.4.0/PR_TCGA_STAD_PAIR_Capture_All_Pairs_QCPASS_v4.aggregated.capture.tcga.uuid.somatic.maf,37,7,75634686,+,C,T,T,p.V164M,Missense_Mutation,SNP
1274599,TAS2R43,TCGA-IN-7806-01A-11D-2053-08,11244154.0,https://tcga-data.nci.nih.gov/tcgafiles/ftp_auth/distro_ftpusers/anonymous/tumor/stad/gsc/broad.mit.edu/illuminaga_dnaseq/mutations/broad.mit.edu_STAD.IlluminaGA_DNASeq.Level_2.0.4.0/PR_TCGA_STAD_PAIR_Capture_All_Pairs_QCPASS_v4.aggregated.capture.tcga.uuid.somatic.maf,37,12,11244154,+,T,C,C,p.I225M,Missense_Mutation,SNP
1279441,TBX15,TCGA-IN-7806-01A-11D-2053-08,119427517.0,https://tcga-data.nci.nih.gov/tcgafiles/ftp_auth/distro_ftpusers/anonymous/tumor/stad/gsc/broad.mit.edu/illuminaga_dnaseq/mutations/broad.mit.edu_STAD.IlluminaGA_DNASeq.Level_2.0.4.0/PR_TCGA_STAD_PAIR_Capture_All_Pairs_QCPASS_v4.aggregated.capture.tcga.uuid.somatic.maf,37,1,119427517,+,G,A,A,p.N443N,Silent,SNP
1288605,TEKT5,TCGA-IN-7806-01A-11D-2053-08,10729625.0,https://tcga-data.nci.nih.gov/tcgafiles/ftp_auth/distro_ftpusers/anonymous/tumor/stad/gsc/broad.mit.edu/illuminaga_dnaseq/mutations/broad.mit.edu_STAD.IlluminaGA_DNASeq.Level_2.0.4.0/PR_TCGA_STAD_PAIR_Capture_All_Pairs_QCPASS_v4.aggregated.capture.tcga.uuid.somatic.maf,37,16,10729625,+,A,T,T,p.L413M,Missense_Mutation,SNP
1291273,TEX14,TCGA-IN-7806-01A-11D-2053-08,56665028.0,https://tcga-data.nci.nih.gov/tcgafiles/ftp_auth/distro_ftpusers/anonymous/tumor/stad/gsc/broad.mit.edu/illuminaga_dnaseq/mutations/broad.mit.edu_STAD.IlluminaGA_DNASeq.Level_2.0.4.0/PR_TCGA_STAD_PAIR_Capture_All_Pairs_QCPASS_v4.aggregated.capture.tcga.uuid.somatic.maf,37,17,56665028,+,C,G,G,p.R907_splice,Splice_Site,SNP
1295088,TGIF1,TCGA-IN-7806-01A-11D-2053-08,3452222.0,https://tcga-data.nci.nih.gov/tcgafiles/ftp_auth/distro_ftpusers/anonymous/tumor/stad/gsc/broad.mit.edu/illuminaga_dnaseq/mutations/broad.mit.edu_STAD.IlluminaGA_DNASeq.Level_2.0.4.0/PR_TCGA_STAD_PAIR_Capture_All_Pairs_QCPASS_v4.aggregated.capture.tcga.uuid.somatic.maf,37,18,3452223,+,CT,-,-,p.P82fs,Frame_Shift_Del,DEL
1313515,TMEM184C,TCGA-IN-7806-01A-11D-2053-08,148546061.0,https://tcga-data.nci.nih.gov/tcgafiles/ftp_auth/distro_ftpusers/anonymous/tumor/stad/gsc/broad.mit.edu/illuminaga_dnaseq/mutations/broad.mit.edu_STAD.IlluminaGA_DNASeq.Level_2.0.4.0/PR_TCGA_STAD_PAIR_Capture_All_Pairs_QCPASS_v4.aggregated.capture.tcga.uuid.somatic.maf,37,4,148546061,+,T,A,A,p.L133Q,Missense_Mutation,SNP
1331758,TP53,TCGA-IN-7806-01A-11D-2053-08,7577094.0,https://tcga-data.nci.nih.gov/tcgafiles/ftp_auth/distro_ftpusers/anonymous/tumor/stad/gsc/broad.mit.edu/illuminaga_dnaseq/mutations/broad.mit.edu_STAD.IlluminaGA_DNASeq.Level_2.0.4.0/PR_TCGA_STAD_PAIR_Capture_All_Pairs_QCPASS_v4.aggregated.capture.tcga.uuid.somatic.maf,37,17,7577094,+,G,A,A,p.R282W,Missense_Mutation,SNP
1335508,TPTE,TCGA-IN-7806-01A-11D-2053-08,11012916.0,https://tcga-data.nci.nih.gov/tcgafiles/ftp_auth/distro_ftpusers/anonymous/tumor/stad/gsc/broad.mit.edu/illuminaga_dnaseq/mutations/broad.mit.edu_STAD.IlluminaGA_DNASeq.Level_2.0.4.0/PR_TCGA_STAD_PAIR_Capture_All_Pairs_QCPASS_v4.aggregated.capture.tcga.uuid.somatic.maf,37,21,11012916,+,C,A,A,,Splice_Site,SNP
1335509,TPTE,TCGA-IN-7806-01A-11D-2053-08,11012923.0,https://tcga-data.nci.nih.gov/tcgafiles/ftp_auth/distro_ftpusers/anonymous/tumor/stad/gsc/broad.mit.edu/illuminaga_dnaseq/mutations/broad.mit.edu_STAD.IlluminaGA_DNASeq.Level_2.0.4.0/PR_TCGA_STAD_PAIR_Capture_All_Pairs_QCPASS_v4.aggregated.capture.tcga.uuid.somatic.maf,37,21,11012923,+,T,C,C,,RNA,SNP
1343880,TRIM6-TRIM34,TCGA-IN-7806-01A-11D-2053-08,5655984.0,https://tcga-data.nci.nih.gov/tcgafiles/ftp_auth/distro_ftpusers/anonymous/tumor/stad/gsc/broad.mit.edu/illuminaga_dnaseq/mutations/broad.mit.edu_STAD.IlluminaGA_DNASeq.Level_2.0.4.0/PR_TCGA_STAD_PAIR_Capture_All_Pairs_QCPASS_v4.aggregated.capture.tcga.uuid.somatic.maf,37,11,5655984,+,A,G,G,p.K215E,Missense_Mutation,SNP
1368341,TTN,TCGA-IN-7806-01A-11D-2053-08,179549695.0,https://tcga-data.nci.nih.gov/tcgafiles/ftp_auth/distro_ftpusers/anonymous/tumor/stad/gsc/broad.mit.edu/illuminaga_dnaseq/mutations/broad.mit.edu_STAD.IlluminaGA_DNASeq.Level_2.0.4.0/PR_TCGA_STAD_PAIR_Capture_All_Pairs_QCPASS_v4.aggregated.capture.tcga.uuid.somatic.maf,37,2,179549695,+,A,G,G,p.I9587T,Missense_Mutation,SNP
1377394,UBN1,TCGA-IN-7806-01A-11D-2053-08,4910691.0,https://tcga-data.nci.nih.gov/tcgafiles/ftp_auth/distro_ftpusers/anonymous/tumor/stad/gsc/broad.mit.edu/illuminaga_dnaseq/mutations/broad.mit.edu_STAD.IlluminaGA_DNASeq.Level_2.0.4.0/PR_TCGA_STAD_PAIR_Capture_All_Pairs_QCPASS_v4.aggregated.capture.tcga.uuid.somatic.maf,37,16,4910693,+,AGA,-,-,p.K238del,In_Frame_Del,DEL
1380301,UCP3,TCGA-IN-7806-01A-11D-2053-08,73717372.0,https://tcga-data.nci.nih.gov/tcgafiles/ftp_auth/distro_ftpusers/anonymous/tumor/stad/gsc/broad.mit.edu/illuminaga_dnaseq/mutations/broad.mit.edu_STAD.IlluminaGA_DNASeq.Level_2.0.4.0/PR_TCGA_STAD_PAIR_Capture_All_Pairs_QCPASS_v4.aggregated.capture.tcga.uuid.somatic.maf,37,11,73717372,+,C,G,G,p.G60A,Missense_Mutation,SNP
1385733,UNC13C,TCGA-IN-7806-01A-11D-2053-08,54630687.0,https://tcga-data.nci.nih.gov/tcgafiles/ftp_auth/distro_ftpusers/anonymous/tumor/stad/gsc/broad.mit.edu/illuminaga_dnaseq/mutations/broad.mit.edu_STAD.IlluminaGA_DNASeq.Level_2.0.4.0/PR_TCGA_STAD_PAIR_Capture_All_Pairs_QCPASS_v4.aggregated.capture.tcga.uuid.somatic.maf,37,15,54630687,+,G,A,A,p.P1569_splice,Splice_Site,SNP
1413329,VPS52,TCGA-IN-7806-01A-11D-2053-08,33232167.0,https://tcga-data.nci.nih.gov/tcgafiles/ftp_auth/distro_ftpusers/anonymous/tumor/stad/gsc/broad.mit.edu/illuminaga_dnaseq/mutations/broad.mit.edu_STAD.IlluminaGA_DNASeq.Level_2.0.4.0/PR_TCGA_STAD_PAIR_Capture_All_Pairs_QCPASS_v4.aggregated.capture.tcga.uuid.somatic.maf,37,6,33232167,+,T,C,C,p.D503G,Missense_Mutation,SNP
1417176,WASH3P,TCGA-IN-7806-01A-11D-2053-08,102515299.0,https://tcga-data.nci.nih.gov/tcgafiles/ftp_auth/distro_ftpusers/anonymous/tumor/stad/gsc/broad.mit.edu/illuminaga_dnaseq/mutations/broad.mit.edu_STAD.IlluminaGA_DNASeq.Level_2.0.4.0/PR_TCGA_STAD_PAIR_Capture_All_Pairs_QCPASS_v4.aggregated.capture.tcga.uuid.somatic.maf,37,15,102515299,+,G,A,A,p.G175S,Missense_Mutation,SNP
1423528,WDR76,TCGA-IN-7806-01A-11D-2053-08,44120487.0,https://tcga-data.nci.nih.gov/tcgafiles/ftp_auth/distro_ftpusers/anonymous/tumor/stad/gsc/broad.mit.edu/illuminaga_dnaseq/mutations/broad.mit.edu_STAD.IlluminaGA_DNASeq.Level_2.0.4.0/PR_TCGA_STAD_PAIR_Capture_All_Pairs_QCPASS_v4.aggregated.capture.tcga.uuid.somatic.maf,37,15,44120487,+,G,T,T,p.A129S,Missense_Mutation,SNP
1455075,ZMYM2,TCGA-IN-7806-01A-11D-2053-08,20641135.0,https://tcga-data.nci.nih.gov/tcgafiles/ftp_auth/distro_ftpusers/anonymous/tumor/stad/gsc/broad.mit.edu/illuminaga_dnaseq/mutations/broad.mit.edu_STAD.IlluminaGA_DNASeq.Level_2.0.4.0/PR_TCGA_STAD_PAIR_Capture_All_Pairs_QCPASS_v4.aggregated.capture.tcga.uuid.somatic.maf,37,13,20641135,+,C,T,T,p.L1093L,Silent,SNP
1497480,ZNF91,TCGA-IN-7806-01A-11D-2053-08,23544724.0,https://tcga-data.nci.nih.gov/tcgafiles/ftp_auth/distro_ftpusers/anonymous/tumor/stad/gsc/broad.mit.edu/illuminaga_dnaseq/mutations/broad.mit.edu_STAD.IlluminaGA_DNASeq.Level_2.0.4.0/PR_TCGA_STAD_PAIR_Capture_All_Pairs_QCPASS_v4.aggregated.capture.tcga.uuid.somatic.maf,37,19,23544724,+,T,C,C,p.K353E,Missense_Mutation,SNP
