,Hugo_Symbol,Tumor_Sample_Barcode,Start_position,level_0,NCBI_Build,Chromosome,End_position,Strand,Reference_Allele,Tumor_Seq_Allele1,Tumor_Seq_Allele2,Protein_Change,Variant_Classification,Variant_Type
58581,AMOT,TCGA-BR-6564-01A-12D-1882-08,112035177.0,https://tcga-data.nci.nih.gov/tcgafiles/ftp_auth/distro_ftpusers/anonymous/tumor/stad/gsc/broad.mit.edu/illuminaga_dnaseq/mutations/broad.mit.edu_STAD.IlluminaGA_DNASeq.Level_2.0.4.0/PR_TCGA_STAD_PAIR_Capture_All_Pairs_QCPASS_v4.aggregated.capture.tcga.uuid.somatic.maf,37,X,112035177,+,C,T,T,p.V603V,Silent,SNP
65991,ANKRD20A9P,TCGA-BR-6564-01A-12D-1882-08,19415742.0,https://tcga-data.nci.nih.gov/tcgafiles/ftp_auth/distro_ftpusers/anonymous/tumor/stad/gsc/broad.mit.edu/illuminaga_dnaseq/mutations/broad.mit.edu_STAD.IlluminaGA_DNASeq.Level_2.0.4.0/PR_TCGA_STAD_PAIR_Capture_All_Pairs_QCPASS_v4.aggregated.capture.tcga.uuid.somatic.maf,37,13,19415742,+,T,C,C,,RNA,SNP
67927,ANKRD30BP2,TCGA-BR-6564-01A-12D-1882-08,14439185.0,https://tcga-data.nci.nih.gov/tcgafiles/ftp_auth/distro_ftpusers/anonymous/tumor/stad/gsc/broad.mit.edu/illuminaga_dnaseq/mutations/broad.mit.edu_STAD.IlluminaGA_DNASeq.Level_2.0.4.0/PR_TCGA_STAD_PAIR_Capture_All_Pairs_QCPASS_v4.aggregated.capture.tcga.uuid.somatic.maf,37,21,14439185,+,C,A,A,,RNA,SNP
93432,ARMC8,TCGA-BR-6564-01A-12D-1882-08,137983022.0,https://tcga-data.nci.nih.gov/tcgafiles/ftp_auth/distro_ftpusers/anonymous/tumor/stad/gsc/broad.mit.edu/illuminaga_dnaseq/mutations/broad.mit.edu_STAD.IlluminaGA_DNASeq.Level_2.0.4.0/PR_TCGA_STAD_PAIR_Capture_All_Pairs_QCPASS_v4.aggregated.capture.tcga.uuid.somatic.maf,37,3,137983022,+,C,T,T,p.Q409*,Nonsense_Mutation,SNP
114529,ATRNL1,TCGA-BR-6564-01A-12D-1882-08,117061471.0,https://tcga-data.nci.nih.gov/tcgafiles/ftp_auth/distro_ftpusers/anonymous/tumor/stad/gsc/broad.mit.edu/illuminaga_dnaseq/mutations/broad.mit.edu_STAD.IlluminaGA_DNASeq.Level_2.0.4.0/PR_TCGA_STAD_PAIR_Capture_All_Pairs_QCPASS_v4.aggregated.capture.tcga.uuid.somatic.maf,37,10,117061471,+,G,A,A,p.T912T,Silent,SNP
125962,BC107568,TCGA-BR-6564-01A-12D-1882-08,138107.0,https://tcga-data.nci.nih.gov/tcgafiles/ftp_auth/distro_ftpusers/anonymous/tumor/stad/gsc/broad.mit.edu/illuminaga_dnaseq/mutations/broad.mit.edu_STAD.IlluminaGA_DNASeq.Level_2.0.4.0/PR_TCGA_STAD_PAIR_Capture_All_Pairs_QCPASS_v4.aggregated.capture.tcga.uuid.somatic.maf,37,GL000195.1,138107,+,T,C,C,,RNA,SNP
140056,BRD8,TCGA-BR-6564-01A-12D-1882-08,137485477.0,https://tcga-data.nci.nih.gov/tcgafiles/ftp_auth/distro_ftpusers/anonymous/tumor/stad/gsc/broad.mit.edu/illuminaga_dnaseq/mutations/broad.mit.edu_STAD.IlluminaGA_DNASeq.Level_2.0.4.0/PR_TCGA_STAD_PAIR_Capture_All_Pairs_QCPASS_v4.aggregated.capture.tcga.uuid.somatic.maf,37,5,137485477,+,G,A,A,p.Q1044*,Nonsense_Mutation,SNP
170052,C3,TCGA-BR-6564-01A-12D-1882-08,6697719.0,https://tcga-data.nci.nih.gov/tcgafiles/ftp_auth/distro_ftpusers/anonymous/tumor/stad/gsc/broad.mit.edu/illuminaga_dnaseq/mutations/broad.mit.edu_STAD.IlluminaGA_DNASeq.Level_2.0.4.0/PR_TCGA_STAD_PAIR_Capture_All_Pairs_QCPASS_v4.aggregated.capture.tcga.uuid.somatic.maf,37,19,6697719,+,C,T,T,p.E843K,Missense_Mutation,SNP
203487,CCDC144A,TCGA-BR-6564-01A-12D-1882-08,16701628.0,https://tcga-data.nci.nih.gov/tcgafiles/ftp_auth/distro_ftpusers/anonymous/tumor/stad/gsc/broad.mit.edu/illuminaga_dnaseq/mutations/broad.mit.edu_STAD.IlluminaGA_DNASeq.Level_2.0.4.0/PR_TCGA_STAD_PAIR_Capture_All_Pairs_QCPASS_v4.aggregated.capture.tcga.uuid.somatic.maf,37,17,16701628,+,C,T,T,,RNA,SNP
214256,CCT6P3,TCGA-BR-6564-01A-12D-1882-08,64530103.0,https://tcga-data.nci.nih.gov/tcgafiles/ftp_auth/distro_ftpusers/anonymous/tumor/stad/gsc/broad.mit.edu/illuminaga_dnaseq/mutations/broad.mit.edu_STAD.IlluminaGA_DNASeq.Level_2.0.4.0/PR_TCGA_STAD_PAIR_Capture_All_Pairs_QCPASS_v4.aggregated.capture.tcga.uuid.somatic.maf,37,7,64530103,+,G,A,A,,RNA,SNP
214685,CD101,TCGA-BR-6564-01A-12D-1882-08,117554317.0,https://tcga-data.nci.nih.gov/tcgafiles/ftp_auth/distro_ftpusers/anonymous/tumor/stad/gsc/broad.mit.edu/illuminaga_dnaseq/mutations/broad.mit.edu_STAD.IlluminaGA_DNASeq.Level_2.0.4.0/PR_TCGA_STAD_PAIR_Capture_All_Pairs_QCPASS_v4.aggregated.capture.tcga.uuid.somatic.maf,37,1,117554317,+,A,G,G,p.G190G,Silent,SNP
242255,CGB8,TCGA-BR-6564-01A-12D-1882-08,49558229.0,https://tcga-data.nci.nih.gov/tcgafiles/ftp_auth/distro_ftpusers/anonymous/tumor/stad/gsc/broad.mit.edu/illuminaga_dnaseq/mutations/broad.mit.edu_STAD.IlluminaGA_DNASeq.Level_2.0.4.0/PR_TCGA_STAD_PAIR_Capture_All_Pairs_QCPASS_v4.aggregated.capture.tcga.uuid.somatic.maf,37,19,49558229,+,T,C,C,p.T18A,Missense_Mutation,SNP
285326,CPAMD8,TCGA-BR-6564-01A-12D-1882-08,17104353.0,https://tcga-data.nci.nih.gov/tcgafiles/ftp_auth/distro_ftpusers/anonymous/tumor/stad/gsc/broad.mit.edu/illuminaga_dnaseq/mutations/broad.mit.edu_STAD.IlluminaGA_DNASeq.Level_2.0.4.0/PR_TCGA_STAD_PAIR_Capture_All_Pairs_QCPASS_v4.aggregated.capture.tcga.uuid.somatic.maf,37,19,17104353,+,G,A,A,p.T427M,Missense_Mutation,SNP
363836,DOCK11,TCGA-BR-6564-01A-12D-1882-08,117810670.0,https://tcga-data.nci.nih.gov/tcgafiles/ftp_auth/distro_ftpusers/anonymous/tumor/stad/gsc/broad.mit.edu/illuminaga_dnaseq/mutations/broad.mit.edu_STAD.IlluminaGA_DNASeq.Level_2.0.4.0/PR_TCGA_STAD_PAIR_Capture_All_Pairs_QCPASS_v4.aggregated.capture.tcga.uuid.somatic.maf,37,X,117810670,+,G,T,T,p.E1810D,Missense_Mutation,SNP
393751,ELAC2,TCGA-BR-6564-01A-12D-1882-08,12903546.0,https://tcga-data.nci.nih.gov/tcgafiles/ftp_auth/distro_ftpusers/anonymous/tumor/stad/gsc/broad.mit.edu/illuminaga_dnaseq/mutations/broad.mit.edu_STAD.IlluminaGA_DNASeq.Level_2.0.4.0/PR_TCGA_STAD_PAIR_Capture_All_Pairs_QCPASS_v4.aggregated.capture.tcga.uuid.somatic.maf,37,17,12903546,+,C,T,T,p.A450A,Silent,SNP
430035,FAM155A,TCGA-BR-6564-01A-12D-1882-08,108518661.0,https://tcga-data.nci.nih.gov/tcgafiles/ftp_auth/distro_ftpusers/anonymous/tumor/stad/gsc/broad.mit.edu/illuminaga_dnaseq/mutations/broad.mit.edu_STAD.IlluminaGA_DNASeq.Level_2.0.4.0/PR_TCGA_STAD_PAIR_Capture_All_Pairs_QCPASS_v4.aggregated.capture.tcga.uuid.somatic.maf,37,13,108518661,+,T,C,C,p.Q95R,Missense_Mutation,SNP
443425,FAM83G,TCGA-BR-6564-01A-12D-1882-08,18874692.0,https://tcga-data.nci.nih.gov/tcgafiles/ftp_auth/distro_ftpusers/anonymous/tumor/stad/gsc/broad.mit.edu/illuminaga_dnaseq/mutations/broad.mit.edu_STAD.IlluminaGA_DNASeq.Level_2.0.4.0/PR_TCGA_STAD_PAIR_Capture_All_Pairs_QCPASS_v4.aggregated.capture.tcga.uuid.somatic.maf,37,17,18874692,+,G,A,A,p.R818W,Missense_Mutation,SNP
444625,FAM98C,TCGA-BR-6564-01A-12D-1882-08,38899502.0,https://tcga-data.nci.nih.gov/tcgafiles/ftp_auth/distro_ftpusers/anonymous/tumor/stad/gsc/broad.mit.edu/illuminaga_dnaseq/mutations/broad.mit.edu_STAD.IlluminaGA_DNASeq.Level_2.0.4.0/PR_TCGA_STAD_PAIR_Capture_All_Pairs_QCPASS_v4.aggregated.capture.tcga.uuid.somatic.maf,37,19,38899504,+,AAG,-,-,p.K349del,In_Frame_Del,DEL
467905,FLG,TCGA-BR-6564-01A-12D-1882-08,152283625.0,https://tcga-data.nci.nih.gov/tcgafiles/ftp_auth/distro_ftpusers/anonymous/tumor/stad/gsc/broad.mit.edu/illuminaga_dnaseq/mutations/broad.mit.edu_STAD.IlluminaGA_DNASeq.Level_2.0.4.0/PR_TCGA_STAD_PAIR_Capture_All_Pairs_QCPASS_v4.aggregated.capture.tcga.uuid.somatic.maf,37,1,152283625,+,C,A,A,p.S1246I,Missense_Mutation,SNP
467906,FLG,TCGA-BR-6564-01A-12D-1882-08,152284540.0,https://tcga-data.nci.nih.gov/tcgafiles/ftp_auth/distro_ftpusers/anonymous/tumor/stad/gsc/broad.mit.edu/illuminaga_dnaseq/mutations/broad.mit.edu_STAD.IlluminaGA_DNASeq.Level_2.0.4.0/PR_TCGA_STAD_PAIR_Capture_All_Pairs_QCPASS_v4.aggregated.capture.tcga.uuid.somatic.maf,37,1,152284540,+,C,T,T,p.R941H,Missense_Mutation,SNP
479153,FOXP1,TCGA-BR-6564-01A-12D-1882-08,71008435.0,https://tcga-data.nci.nih.gov/tcgafiles/ftp_auth/distro_ftpusers/anonymous/tumor/stad/gsc/broad.mit.edu/illuminaga_dnaseq/mutations/broad.mit.edu_STAD.IlluminaGA_DNASeq.Level_2.0.4.0/PR_TCGA_STAD_PAIR_Capture_All_Pairs_QCPASS_v4.aggregated.capture.tcga.uuid.somatic.maf,37,3,71008436,+,TC,-,-,p.D666fs,Frame_Shift_Del,DEL
482053,FRG1B,TCGA-BR-6564-01A-12D-1882-08,29625941.0,https://tcga-data.nci.nih.gov/tcgafiles/ftp_auth/distro_ftpusers/anonymous/tumor/stad/gsc/broad.mit.edu/illuminaga_dnaseq/mutations/broad.mit.edu_STAD.IlluminaGA_DNASeq.Level_2.0.4.0/PR_TCGA_STAD_PAIR_Capture_All_Pairs_QCPASS_v4.aggregated.capture.tcga.uuid.somatic.maf,37,20,29625941,+,A,T,T,p.D32V,Missense_Mutation,SNP
482054,FRG1B,TCGA-BR-6564-01A-12D-1882-08,29628301.0,https://tcga-data.nci.nih.gov/tcgafiles/ftp_auth/distro_ftpusers/anonymous/tumor/stad/gsc/broad.mit.edu/illuminaga_dnaseq/mutations/broad.mit.edu_STAD.IlluminaGA_DNASeq.Level_2.0.4.0/PR_TCGA_STAD_PAIR_Capture_All_Pairs_QCPASS_v4.aggregated.capture.tcga.uuid.somatic.maf,37,20,29628301,+,T,C,C,p.S71S,Silent,SNP
484041,FRMPD4,TCGA-BR-6564-01A-12D-1882-08,12735849.0,https://tcga-data.nci.nih.gov/tcgafiles/ftp_auth/distro_ftpusers/anonymous/tumor/stad/gsc/broad.mit.edu/illuminaga_dnaseq/mutations/broad.mit.edu_STAD.IlluminaGA_DNASeq.Level_2.0.4.0/PR_TCGA_STAD_PAIR_Capture_All_Pairs_QCPASS_v4.aggregated.capture.tcga.uuid.somatic.maf,37,X,12735849,+,G,A,A,p.S968S,Silent,SNP
573577,HOXB5,TCGA-BR-6564-01A-12D-1882-08,46669686.0,https://tcga-data.nci.nih.gov/tcgafiles/ftp_auth/distro_ftpusers/anonymous/tumor/stad/gsc/broad.mit.edu/illuminaga_dnaseq/mutations/broad.mit.edu_STAD.IlluminaGA_DNASeq.Level_2.0.4.0/PR_TCGA_STAD_PAIR_Capture_All_Pairs_QCPASS_v4.aggregated.capture.tcga.uuid.somatic.maf,37,17,46669687,+,-,A,A,p.C232fs,Frame_Shift_Ins,INS
585098,HYDIN,TCGA-BR-6564-01A-12D-1882-08,71054178.0,https://tcga-data.nci.nih.gov/tcgafiles/ftp_auth/distro_ftpusers/anonymous/tumor/stad/gsc/broad.mit.edu/illuminaga_dnaseq/mutations/broad.mit.edu_STAD.IlluminaGA_DNASeq.Level_2.0.4.0/PR_TCGA_STAD_PAIR_Capture_All_Pairs_QCPASS_v4.aggregated.capture.tcga.uuid.somatic.maf,37,16,71054178,+,T,C,C,p.I1077V,Missense_Mutation,SNP
642150,KHSRP,TCGA-BR-6564-01A-12D-1882-08,6417055.0,https://tcga-data.nci.nih.gov/tcgafiles/ftp_auth/distro_ftpusers/anonymous/tumor/stad/gsc/broad.mit.edu/illuminaga_dnaseq/mutations/broad.mit.edu_STAD.IlluminaGA_DNASeq.Level_2.0.4.0/PR_TCGA_STAD_PAIR_Capture_All_Pairs_QCPASS_v4.aggregated.capture.tcga.uuid.somatic.maf,37,19,6417055,+,G,C,C,p.P375P,Silent,SNP
670766,KRT16P3,TCGA-BR-6564-01A-12D-1882-08,20407426.0,https://tcga-data.nci.nih.gov/tcgafiles/ftp_auth/distro_ftpusers/anonymous/tumor/stad/gsc/broad.mit.edu/illuminaga_dnaseq/mutations/broad.mit.edu_STAD.IlluminaGA_DNASeq.Level_2.0.4.0/PR_TCGA_STAD_PAIR_Capture_All_Pairs_QCPASS_v4.aggregated.capture.tcga.uuid.somatic.maf,37,17,20407426,+,A,C,C,,RNA,SNP
678801,KRTAP9-1,TCGA-BR-6564-01A-12D-1882-08,39346425.0,https://tcga-data.nci.nih.gov/tcgafiles/ftp_auth/distro_ftpusers/anonymous/tumor/stad/gsc/broad.mit.edu/illuminaga_dnaseq/mutations/broad.mit.edu_STAD.IlluminaGA_DNASeq.Level_2.0.4.0/PR_TCGA_STAD_PAIR_Capture_All_Pairs_QCPASS_v4.aggregated.capture.tcga.uuid.somatic.maf,37,17,39346427,+,GTG,-,-,p.G97del,In_Frame_Del,DEL
678895,KRTAP9-4,TCGA-BR-6564-01A-12D-1882-08,39406130.0,https://tcga-data.nci.nih.gov/tcgafiles/ftp_auth/distro_ftpusers/anonymous/tumor/stad/gsc/broad.mit.edu/illuminaga_dnaseq/mutations/broad.mit.edu_STAD.IlluminaGA_DNASeq.Level_2.0.4.0/PR_TCGA_STAD_PAIR_Capture_All_Pairs_QCPASS_v4.aggregated.capture.tcga.uuid.somatic.maf,37,17,39406130,+,G,A,A,p.R53H,Missense_Mutation,SNP
693297,LHX8,TCGA-BR-6564-01A-12D-1882-08,75602794.0,https://tcga-data.nci.nih.gov/tcgafiles/ftp_auth/distro_ftpusers/anonymous/tumor/stad/gsc/broad.mit.edu/illuminaga_dnaseq/mutations/broad.mit.edu_STAD.IlluminaGA_DNASeq.Level_2.0.4.0/PR_TCGA_STAD_PAIR_Capture_All_Pairs_QCPASS_v4.aggregated.capture.tcga.uuid.somatic.maf,37,1,75602794,+,G,A,A,p.E39K,Missense_Mutation,SNP
702128,LOC100233156,TCGA-BR-6564-01A-12D-1882-08,40698.0,https://tcga-data.nci.nih.gov/tcgafiles/ftp_auth/distro_ftpusers/anonymous/tumor/stad/gsc/broad.mit.edu/illuminaga_dnaseq/mutations/broad.mit.edu_STAD.IlluminaGA_DNASeq.Level_2.0.4.0/PR_TCGA_STAD_PAIR_Capture_All_Pairs_QCPASS_v4.aggregated.capture.tcga.uuid.somatic.maf,37,GL000218.1,40698,+,G,A,A,p.R78C,Missense_Mutation,SNP
745449,MAP3K4,TCGA-BR-6564-01A-12D-1882-08,161413044.0,https://tcga-data.nci.nih.gov/tcgafiles/ftp_auth/distro_ftpusers/anonymous/tumor/stad/gsc/broad.mit.edu/illuminaga_dnaseq/mutations/broad.mit.edu_STAD.IlluminaGA_DNASeq.Level_2.0.4.0/PR_TCGA_STAD_PAIR_Capture_All_Pairs_QCPASS_v4.aggregated.capture.tcga.uuid.somatic.maf,37,6,161413045,+,-,CCG,CCG,p.36_37insP,In_Frame_Ins,INS
759826,MED12,TCGA-BR-6564-01A-12D-1882-08,70357076.0,https://tcga-data.nci.nih.gov/tcgafiles/ftp_auth/distro_ftpusers/anonymous/tumor/stad/gsc/broad.mit.edu/illuminaga_dnaseq/mutations/broad.mit.edu_STAD.IlluminaGA_DNASeq.Level_2.0.4.0/PR_TCGA_STAD_PAIR_Capture_All_Pairs_QCPASS_v4.aggregated.capture.tcga.uuid.somatic.maf,37,X,70357076,+,C,A,A,p.P1864Q,Missense_Mutation,SNP
769177,MGC70870,TCGA-BR-6564-01A-12D-1882-08,118289.0,https://tcga-data.nci.nih.gov/tcgafiles/ftp_auth/distro_ftpusers/anonymous/tumor/stad/gsc/broad.mit.edu/illuminaga_dnaseq/mutations/broad.mit.edu_STAD.IlluminaGA_DNASeq.Level_2.0.4.0/PR_TCGA_STAD_PAIR_Capture_All_Pairs_QCPASS_v4.aggregated.capture.tcga.uuid.somatic.maf,37,GL000205.1,118289,+,G,A,A,,RNA,SNP
771667,MIER3,TCGA-BR-6564-01A-12D-1882-08,56234714.0,https://tcga-data.nci.nih.gov/tcgafiles/ftp_auth/distro_ftpusers/anonymous/tumor/stad/gsc/broad.mit.edu/illuminaga_dnaseq/mutations/broad.mit.edu_STAD.IlluminaGA_DNASeq.Level_2.0.4.0/PR_TCGA_STAD_PAIR_Capture_All_Pairs_QCPASS_v4.aggregated.capture.tcga.uuid.somatic.maf,37,5,56234714,+,T,A,A,p.D109V,Missense_Mutation,SNP
787870,MRGPRX2,TCGA-BR-6564-01A-12D-1882-08,19077900.0,https://tcga-data.nci.nih.gov/tcgafiles/ftp_auth/distro_ftpusers/anonymous/tumor/stad/gsc/broad.mit.edu/illuminaga_dnaseq/mutations/broad.mit.edu_STAD.IlluminaGA_DNASeq.Level_2.0.4.0/PR_TCGA_STAD_PAIR_Capture_All_Pairs_QCPASS_v4.aggregated.capture.tcga.uuid.somatic.maf,37,11,19077900,+,C,T,T,p.G17E,Missense_Mutation,SNP
788757,MRPL21,TCGA-BR-6564-01A-12D-1882-08,68665460.0,https://tcga-data.nci.nih.gov/tcgafiles/ftp_auth/distro_ftpusers/anonymous/tumor/stad/gsc/broad.mit.edu/illuminaga_dnaseq/mutations/broad.mit.edu_STAD.IlluminaGA_DNASeq.Level_2.0.4.0/PR_TCGA_STAD_PAIR_Capture_All_Pairs_QCPASS_v4.aggregated.capture.tcga.uuid.somatic.maf,37,11,68665460,+,A,G,G,p.L56P,Missense_Mutation,SNP
795796,MTHFR,TCGA-BR-6564-01A-12D-1882-08,11861224.0,https://tcga-data.nci.nih.gov/tcgafiles/ftp_auth/distro_ftpusers/anonymous/tumor/stad/gsc/broad.mit.edu/illuminaga_dnaseq/mutations/broad.mit.edu_STAD.IlluminaGA_DNASeq.Level_2.0.4.0/PR_TCGA_STAD_PAIR_Capture_All_Pairs_QCPASS_v4.aggregated.capture.tcga.uuid.somatic.maf,37,1,11861224,+,G,A,A,p.R180W,Missense_Mutation,SNP
799012,MUC1,TCGA-BR-6564-01A-12D-1882-08,155160774.0,https://tcga-data.nci.nih.gov/tcgafiles/ftp_auth/distro_ftpusers/anonymous/tumor/stad/gsc/broad.mit.edu/illuminaga_dnaseq/mutations/broad.mit.edu_STAD.IlluminaGA_DNASeq.Level_2.0.4.0/PR_TCGA_STAD_PAIR_Capture_All_Pairs_QCPASS_v4.aggregated.capture.tcga.uuid.somatic.maf,37,1,155160774,+,G,T,T,p.S260R,Missense_Mutation,SNP
832205,NBEAL1,TCGA-BR-6564-01A-12D-1882-08,204045127.0,https://tcga-data.nci.nih.gov/tcgafiles/ftp_auth/distro_ftpusers/anonymous/tumor/stad/gsc/broad.mit.edu/illuminaga_dnaseq/mutations/broad.mit.edu_STAD.IlluminaGA_DNASeq.Level_2.0.4.0/PR_TCGA_STAD_PAIR_Capture_All_Pairs_QCPASS_v4.aggregated.capture.tcga.uuid.somatic.maf,37,2,204045127,+,T,-,-,p.F2134fs,Frame_Shift_Del,DEL
833343,NBPF10,TCGA-BR-6564-01A-12D-1882-08,144619399.0,https://tcga-data.nci.nih.gov/tcgafiles/ftp_auth/distro_ftpusers/anonymous/tumor/stad/gsc/broad.mit.edu/illuminaga_dnaseq/mutations/broad.mit.edu_STAD.IlluminaGA_DNASeq.Level_2.0.4.0/PR_TCGA_STAD_PAIR_Capture_All_Pairs_QCPASS_v4.aggregated.capture.tcga.uuid.somatic.maf,37,1,144619399,+,G,A,A,p.V180V,Silent,SNP
833344,NBPF10,TCGA-BR-6564-01A-12D-1882-08,145367739.0,https://tcga-data.nci.nih.gov/tcgafiles/ftp_auth/distro_ftpusers/anonymous/tumor/stad/gsc/broad.mit.edu/illuminaga_dnaseq/mutations/broad.mit.edu_STAD.IlluminaGA_DNASeq.Level_2.0.4.0/PR_TCGA_STAD_PAIR_Capture_All_Pairs_QCPASS_v4.aggregated.capture.tcga.uuid.somatic.maf,37,1,145367739,+,A,G,G,p.K3445K,Silent,SNP
839476,NDE1,TCGA-BR-6564-01A-12D-1882-08,15790648.0,https://tcga-data.nci.nih.gov/tcgafiles/ftp_auth/distro_ftpusers/anonymous/tumor/stad/gsc/broad.mit.edu/illuminaga_dnaseq/mutations/broad.mit.edu_STAD.IlluminaGA_DNASeq.Level_2.0.4.0/PR_TCGA_STAD_PAIR_Capture_All_Pairs_QCPASS_v4.aggregated.capture.tcga.uuid.somatic.maf,37,16,15790648,+,G,A,A,p.R293Q,Missense_Mutation,SNP
842900,NECAP1,TCGA-BR-6564-01A-12D-1882-08,8242546.0,https://tcga-data.nci.nih.gov/tcgafiles/ftp_auth/distro_ftpusers/anonymous/tumor/stad/gsc/broad.mit.edu/illuminaga_dnaseq/mutations/broad.mit.edu_STAD.IlluminaGA_DNASeq.Level_2.0.4.0/PR_TCGA_STAD_PAIR_Capture_All_Pairs_QCPASS_v4.aggregated.capture.tcga.uuid.somatic.maf,37,12,8242546,+,A,T,T,p.K37I,Missense_Mutation,SNP
868896,NPRL2,TCGA-BR-6564-01A-12D-1882-08,50385317.0,https://tcga-data.nci.nih.gov/tcgafiles/ftp_auth/distro_ftpusers/anonymous/tumor/stad/gsc/broad.mit.edu/illuminaga_dnaseq/mutations/broad.mit.edu_STAD.IlluminaGA_DNASeq.Level_2.0.4.0/PR_TCGA_STAD_PAIR_Capture_All_Pairs_QCPASS_v4.aggregated.capture.tcga.uuid.somatic.maf,37,3,50385317,+,G,A,A,p.F316F,Silent,SNP
888753,OFD1,TCGA-BR-6564-01A-12D-1882-08,13753462.0,https://tcga-data.nci.nih.gov/tcgafiles/ftp_auth/distro_ftpusers/anonymous/tumor/stad/gsc/broad.mit.edu/illuminaga_dnaseq/mutations/broad.mit.edu_STAD.IlluminaGA_DNASeq.Level_2.0.4.0/PR_TCGA_STAD_PAIR_Capture_All_Pairs_QCPASS_v4.aggregated.capture.tcga.uuid.somatic.maf,37,X,13753462,+,C,T,T,p.L36L,Silent,SNP
922994,OR6N1,TCGA-BR-6564-01A-12D-1882-08,158735950.0,https://tcga-data.nci.nih.gov/tcgafiles/ftp_auth/distro_ftpusers/anonymous/tumor/stad/gsc/broad.mit.edu/illuminaga_dnaseq/mutations/broad.mit.edu_STAD.IlluminaGA_DNASeq.Level_2.0.4.0/PR_TCGA_STAD_PAIR_Capture_All_Pairs_QCPASS_v4.aggregated.capture.tcga.uuid.somatic.maf,37,1,158735950,+,G,C,C,p.Q175E,Missense_Mutation,SNP
938760,PAPD5,TCGA-BR-6564-01A-12D-1882-08,50258847.0,https://tcga-data.nci.nih.gov/tcgafiles/ftp_auth/distro_ftpusers/anonymous/tumor/stad/gsc/broad.mit.edu/illuminaga_dnaseq/mutations/broad.mit.edu_STAD.IlluminaGA_DNASeq.Level_2.0.4.0/PR_TCGA_STAD_PAIR_Capture_All_Pairs_QCPASS_v4.aggregated.capture.tcga.uuid.somatic.maf,37,16,50258847,+,T,C,C,p.Y503Y,Silent,SNP
969618,PDE2A,TCGA-BR-6564-01A-12D-1882-08,72288493.0,https://tcga-data.nci.nih.gov/tcgafiles/ftp_auth/distro_ftpusers/anonymous/tumor/stad/gsc/broad.mit.edu/illuminaga_dnaseq/mutations/broad.mit.edu_STAD.IlluminaGA_DNASeq.Level_2.0.4.0/PR_TCGA_STAD_PAIR_Capture_All_Pairs_QCPASS_v4.aggregated.capture.tcga.uuid.somatic.maf,37,11,72288493,+,C,T,T,p.E921K,Missense_Mutation,SNP
972850,PDHX,TCGA-BR-6564-01A-12D-1882-08,35006231.0,https://tcga-data.nci.nih.gov/tcgafiles/ftp_auth/distro_ftpusers/anonymous/tumor/stad/gsc/broad.mit.edu/illuminaga_dnaseq/mutations/broad.mit.edu_STAD.IlluminaGA_DNASeq.Level_2.0.4.0/PR_TCGA_STAD_PAIR_Capture_All_Pairs_QCPASS_v4.aggregated.capture.tcga.uuid.somatic.maf,37,11,35006231,+,G,C,C,p.D380H,Missense_Mutation,SNP
973926,PDP2,TCGA-BR-6564-01A-12D-1882-08,66918510.0,https://tcga-data.nci.nih.gov/tcgafiles/ftp_auth/distro_ftpusers/anonymous/tumor/stad/gsc/broad.mit.edu/illuminaga_dnaseq/mutations/broad.mit.edu_STAD.IlluminaGA_DNASeq.Level_2.0.4.0/PR_TCGA_STAD_PAIR_Capture_All_Pairs_QCPASS_v4.aggregated.capture.tcga.uuid.somatic.maf,37,16,66918510,+,G,A,A,p.R108Q,Missense_Mutation,SNP
978163,PEX1,TCGA-BR-6564-01A-12D-1882-08,92146721.0,https://tcga-data.nci.nih.gov/tcgafiles/ftp_auth/distro_ftpusers/anonymous/tumor/stad/gsc/broad.mit.edu/illuminaga_dnaseq/mutations/broad.mit.edu_STAD.IlluminaGA_DNASeq.Level_2.0.4.0/PR_TCGA_STAD_PAIR_Capture_All_Pairs_QCPASS_v4.aggregated.capture.tcga.uuid.somatic.maf,37,7,92146721,+,T,-,-,p.I370fs,Frame_Shift_Del,DEL
984381,PHF8,TCGA-BR-6564-01A-12D-1882-08,54011405.0,https://tcga-data.nci.nih.gov/tcgafiles/ftp_auth/distro_ftpusers/anonymous/tumor/stad/gsc/broad.mit.edu/illuminaga_dnaseq/mutations/broad.mit.edu_STAD.IlluminaGA_DNASeq.Level_2.0.4.0/PR_TCGA_STAD_PAIR_Capture_All_Pairs_QCPASS_v4.aggregated.capture.tcga.uuid.somatic.maf,37,X,54011407,+,CTC,-,-,p.E831del,In_Frame_Del,DEL
1033162,PRAMEF11,TCGA-BR-6564-01A-12D-1882-08,12887527.0,https://tcga-data.nci.nih.gov/tcgafiles/ftp_auth/distro_ftpusers/anonymous/tumor/stad/gsc/broad.mit.edu/illuminaga_dnaseq/mutations/broad.mit.edu_STAD.IlluminaGA_DNASeq.Level_2.0.4.0/PR_TCGA_STAD_PAIR_Capture_All_Pairs_QCPASS_v4.aggregated.capture.tcga.uuid.somatic.maf,37,1,12887527,+,A,G,G,p.F110F,Silent,SNP
1096420,RGPD3,TCGA-BR-6564-01A-12D-1882-08,107049684.0,https://tcga-data.nci.nih.gov/tcgafiles/ftp_auth/distro_ftpusers/anonymous/tumor/stad/gsc/broad.mit.edu/illuminaga_dnaseq/mutations/broad.mit.edu_STAD.IlluminaGA_DNASeq.Level_2.0.4.0/PR_TCGA_STAD_PAIR_Capture_All_Pairs_QCPASS_v4.aggregated.capture.tcga.uuid.somatic.maf,37,2,107049684,+,C,T,T,p.E755K,Missense_Mutation,SNP
1115257,RPL13AP20,TCGA-BR-6564-01A-12D-1882-08,13028751.0,https://tcga-data.nci.nih.gov/tcgafiles/ftp_auth/distro_ftpusers/anonymous/tumor/stad/gsc/broad.mit.edu/illuminaga_dnaseq/mutations/broad.mit.edu_STAD.IlluminaGA_DNASeq.Level_2.0.4.0/PR_TCGA_STAD_PAIR_Capture_All_Pairs_QCPASS_v4.aggregated.capture.tcga.uuid.somatic.maf,37,12,13028751,+,G,C,C,p.G107R,Missense_Mutation,SNP
1186167,SLC25A53,TCGA-BR-6564-01A-12D-1882-08,103349655.0,https://tcga-data.nci.nih.gov/tcgafiles/ftp_auth/distro_ftpusers/anonymous/tumor/stad/gsc/broad.mit.edu/illuminaga_dnaseq/mutations/broad.mit.edu_STAD.IlluminaGA_DNASeq.Level_2.0.4.0/PR_TCGA_STAD_PAIR_Capture_All_Pairs_QCPASS_v4.aggregated.capture.tcga.uuid.somatic.maf,37,X,103349655,+,A,T,T,p.F96I,Missense_Mutation,SNP
1192764,SLC38A4,TCGA-BR-6564-01A-12D-1882-08,47172329.0,https://tcga-data.nci.nih.gov/tcgafiles/ftp_auth/distro_ftpusers/anonymous/tumor/stad/gsc/broad.mit.edu/illuminaga_dnaseq/mutations/broad.mit.edu_STAD.IlluminaGA_DNASeq.Level_2.0.4.0/PR_TCGA_STAD_PAIR_Capture_All_Pairs_QCPASS_v4.aggregated.capture.tcga.uuid.somatic.maf,37,12,47172329,+,A,G,G,p.H316H,Silent,SNP
1203163,SLC9A4,TCGA-BR-6564-01A-12D-1882-08,103130667.0,https://tcga-data.nci.nih.gov/tcgafiles/ftp_auth/distro_ftpusers/anonymous/tumor/stad/gsc/broad.mit.edu/illuminaga_dnaseq/mutations/broad.mit.edu_STAD.IlluminaGA_DNASeq.Level_2.0.4.0/PR_TCGA_STAD_PAIR_Capture_All_Pairs_QCPASS_v4.aggregated.capture.tcga.uuid.somatic.maf,37,2,103130668,+,-,A,A,p.E560fs,Frame_Shift_Ins,INS
1209826,SMAD4,TCGA-BR-6564-01A-12D-1882-08,48591918.0,https://tcga-data.nci.nih.gov/tcgafiles/ftp_auth/distro_ftpusers/anonymous/tumor/stad/gsc/broad.mit.edu/illuminaga_dnaseq/mutations/broad.mit.edu_STAD.IlluminaGA_DNASeq.Level_2.0.4.0/PR_TCGA_STAD_PAIR_Capture_All_Pairs_QCPASS_v4.aggregated.capture.tcga.uuid.somatic.maf,37,18,48591929,+,CGCTTTTGTTTG,-,-,p.RFCL361del,In_Frame_Del,DEL
1223784,SOX3,TCGA-BR-6564-01A-12D-1882-08,139586762.0,https://tcga-data.nci.nih.gov/tcgafiles/ftp_auth/distro_ftpusers/anonymous/tumor/stad/gsc/broad.mit.edu/illuminaga_dnaseq/mutations/broad.mit.edu_STAD.IlluminaGA_DNASeq.Level_2.0.4.0/PR_TCGA_STAD_PAIR_Capture_All_Pairs_QCPASS_v4.aggregated.capture.tcga.uuid.somatic.maf,37,X,139586762,+,C,T,T,p.R155H,Missense_Mutation,SNP
1228940,SPDEF,TCGA-BR-6564-01A-12D-1882-08,34508912.0,https://tcga-data.nci.nih.gov/tcgafiles/ftp_auth/distro_ftpusers/anonymous/tumor/stad/gsc/broad.mit.edu/illuminaga_dnaseq/mutations/broad.mit.edu_STAD.IlluminaGA_DNASeq.Level_2.0.4.0/PR_TCGA_STAD_PAIR_Capture_All_Pairs_QCPASS_v4.aggregated.capture.tcga.uuid.somatic.maf,37,6,34508912,+,C,T,T,p.W161*,Nonsense_Mutation,SNP
1310130,TMEM121,TCGA-BR-6564-01A-12D-1882-08,105996050.0,https://tcga-data.nci.nih.gov/tcgafiles/ftp_auth/distro_ftpusers/anonymous/tumor/stad/gsc/broad.mit.edu/illuminaga_dnaseq/mutations/broad.mit.edu_STAD.IlluminaGA_DNASeq.Level_2.0.4.0/PR_TCGA_STAD_PAIR_Capture_All_Pairs_QCPASS_v4.aggregated.capture.tcga.uuid.somatic.maf,37,14,105996052,+,GCC,-,-,p.P299del,In_Frame_Del,DEL
1311813,TMEM143,TCGA-BR-6564-01A-12D-1882-08,48836573.0,https://tcga-data.nci.nih.gov/tcgafiles/ftp_auth/distro_ftpusers/anonymous/tumor/stad/gsc/broad.mit.edu/illuminaga_dnaseq/mutations/broad.mit.edu_STAD.IlluminaGA_DNASeq.Level_2.0.4.0/PR_TCGA_STAD_PAIR_Capture_All_Pairs_QCPASS_v4.aggregated.capture.tcga.uuid.somatic.maf,37,19,48836573,+,A,G,G,p.M428T,Missense_Mutation,SNP
1316341,TMEM52,TCGA-BR-6564-01A-12D-1882-08,1850628.0,https://tcga-data.nci.nih.gov/tcgafiles/ftp_auth/distro_ftpusers/anonymous/tumor/stad/gsc/broad.mit.edu/illuminaga_dnaseq/mutations/broad.mit.edu_STAD.IlluminaGA_DNASeq.Level_2.0.4.0/PR_TCGA_STAD_PAIR_Capture_All_Pairs_QCPASS_v4.aggregated.capture.tcga.uuid.somatic.maf,37,1,1850636,+,AGCGGCAGG,-,-,p.23_26LLPL>L,In_Frame_Del,DEL
1328104,TOP2A,TCGA-BR-6564-01A-12D-1882-08,38552660.0,https://tcga-data.nci.nih.gov/tcgafiles/ftp_auth/distro_ftpusers/anonymous/tumor/stad/gsc/broad.mit.edu/illuminaga_dnaseq/mutations/broad.mit.edu_STAD.IlluminaGA_DNASeq.Level_2.0.4.0/PR_TCGA_STAD_PAIR_Capture_All_Pairs_QCPASS_v4.aggregated.capture.tcga.uuid.somatic.maf,37,17,38552660,+,T,C,C,p.K1199E,Missense_Mutation,SNP
1443786,ZCCHC13,TCGA-BR-6564-01A-12D-1882-08,73524180.0,https://tcga-data.nci.nih.gov/tcgafiles/ftp_auth/distro_ftpusers/anonymous/tumor/stad/gsc/broad.mit.edu/illuminaga_dnaseq/mutations/broad.mit.edu_STAD.IlluminaGA_DNASeq.Level_2.0.4.0/PR_TCGA_STAD_PAIR_Capture_All_Pairs_QCPASS_v4.aggregated.capture.tcga.uuid.somatic.maf,37,X,73524180,+,C,T,T,p.R27*,Nonsense_Mutation,SNP
1444587,ZCCHC8,TCGA-BR-6564-01A-12D-1882-08,122967235.0,https://tcga-data.nci.nih.gov/tcgafiles/ftp_auth/distro_ftpusers/anonymous/tumor/stad/gsc/broad.mit.edu/illuminaga_dnaseq/mutations/broad.mit.edu_STAD.IlluminaGA_DNASeq.Level_2.0.4.0/PR_TCGA_STAD_PAIR_Capture_All_Pairs_QCPASS_v4.aggregated.capture.tcga.uuid.somatic.maf,37,12,122967235,+,G,A,A,p.P227S,Missense_Mutation,SNP
1451710,ZFX,TCGA-BR-6564-01A-12D-1882-08,24228401.0,https://tcga-data.nci.nih.gov/tcgafiles/ftp_auth/distro_ftpusers/anonymous/tumor/stad/gsc/broad.mit.edu/illuminaga_dnaseq/mutations/broad.mit.edu_STAD.IlluminaGA_DNASeq.Level_2.0.4.0/PR_TCGA_STAD_PAIR_Capture_All_Pairs_QCPASS_v4.aggregated.capture.tcga.uuid.somatic.maf,37,X,24228401,+,G,A,A,p.R481R,Silent,SNP
1490324,ZNF75A,TCGA-BR-6564-01A-12D-1882-08,3367328.0,https://tcga-data.nci.nih.gov/tcgafiles/ftp_auth/distro_ftpusers/anonymous/tumor/stad/gsc/broad.mit.edu/illuminaga_dnaseq/mutations/broad.mit.edu_STAD.IlluminaGA_DNASeq.Level_2.0.4.0/PR_TCGA_STAD_PAIR_Capture_All_Pairs_QCPASS_v4.aggregated.capture.tcga.uuid.somatic.maf,37,16,3367328,+,T,G,G,p.F117C,Missense_Mutation,SNP
1498571,ZNRF4,TCGA-BR-6564-01A-12D-1882-08,5456633.0,https://tcga-data.nci.nih.gov/tcgafiles/ftp_auth/distro_ftpusers/anonymous/tumor/stad/gsc/broad.mit.edu/illuminaga_dnaseq/mutations/broad.mit.edu_STAD.IlluminaGA_DNASeq.Level_2.0.4.0/PR_TCGA_STAD_PAIR_Capture_All_Pairs_QCPASS_v4.aggregated.capture.tcga.uuid.somatic.maf,37,19,5456633,+,G,A,A,p.P377P,Silent,SNP
1503551,abParts,TCGA-BR-6564-01A-12D-1882-08,107099378.0,https://tcga-data.nci.nih.gov/tcgafiles/ftp_auth/distro_ftpusers/anonymous/tumor/stad/gsc/broad.mit.edu/illuminaga_dnaseq/mutations/broad.mit.edu_STAD.IlluminaGA_DNASeq.Level_2.0.4.0/PR_TCGA_STAD_PAIR_Capture_All_Pairs_QCPASS_v4.aggregated.capture.tcga.uuid.somatic.maf,37,14,107099378,+,G,A,A,,RNA,SNP
