##fileformat=VCFv4.0																				
##INFO=<ID=SID	Number=1	Type=String	"Description=""Tumor Sample Barcode"">"																	
##INFO=<ID=AFrac	Number=1	Type=Float	"Description=""Allelic fraction in tumor"">"																	
##INFO=<ID=NGT	Number=1	Type=String	"Description=""Most likely normal genotype"">"																	
##FILTER=<ID=REJECT	" Description=""Mutect Reject"">"																			
##FILTER=<ID=KEEP	" Description=""Mutect Keep"">"																			
"##SnpEffVersion=""3.3e (build 2013-07-16)"	" by Pablo Cingolani"""																			
"##SnpEffCmd=""SnpEff  -o gatk -s /home/moores/projects/pipeline/runs/denovo/TCGA-DD-A114/TCGA-DD-A114_NB_NT.snvs.snpeff.summary GRCh37.64 /home/moores/projects/pipeline/runs/denovo/TCGA-DD-A114/TCGA-DD-A114_NB_NT.forSnpEff.snvs.vcf """																				
##INFO=<ID=EFF	Number=.	Type=String	"Description=""Predicted effects for this variant.Format: 'Effect ( Effect_Impact | Functional_Class | Codon_Change | Amino_Acid_change| Amino_Acid_length | Gene_Name | Transcript_BioType | Gene_Coding | Transcript_ID | Exon  | GenotypeNum [ | ERRORS | WARNINGS ] )' "">"																	
#CHROM	POS	ID	REF	ALT	QUAL	FILTER	INFO													
chr1	13418	0	G	A	9	KEEP	SID=TCGA-DD-A114	AFrac=0.214286	NGT=AG	EFF=DOWNSTREAM(MODIFIER||||RP11-34P13.2|unprocessed_pseudogene|NON_CODING|ENST00000423562|)	DOWNSTREAM(MODIFIER||||RP11-34P13.2|unprocessed_pseudogene|NON_CODING|ENST00000430492|)	DOWNSTREAM(MODIFIER||||RP11-34P13.2|unprocessed_pseudogene|NON_CODING|ENST00000438504|)	DOWNSTREAM(MODIFIER||||RP11-34P13.2|unprocessed_pseudogene|NON_CODING|ENST00000488147|)	DOWNSTREAM(MODIFIER||||RP11-34P13.2|unprocessed_pseudogene|NON_CODING|ENST00000537342|)	DOWNSTREAM(MODIFIER||||RP11-34P13.2|unprocessed_pseudogene|NON_CODING|ENST00000538476|)	DOWNSTREAM(MODIFIER||||RP11-34P13.2|unprocessed_pseudogene|NON_CODING|ENST00000541675|)	EXON(MODIFIER||||DDX11L1|processed_transcript|NON_CODING|ENST00000456328|3)	EXON(MODIFIER||||DDX11L1|transcribed_unprocessed_pseudogene|NON_CODING|ENST00000515242|3)	EXON(MODIFIER||||DDX11L1|transcribed_unprocessed_pseudogene|NON_CODING|ENST00000518655|3)	INTRON(MODIFIER||||DDX11L1|transcribed_unprocessed_pseudogene|NON_CODING|ENST00000450305|5)
chr1	14522	0	G	A	3	REJECT	SID=TCGA-DD-A114	AFrac=0.217391	NGT=AG	EFF=DOWNSTREAM(MODIFIER||||DDX11L1|processed_transcript|NON_CODING|ENST00000456328|)	DOWNSTREAM(MODIFIER||||DDX11L1|transcribed_unprocessed_pseudogene|NON_CODING|ENST00000450305|)	DOWNSTREAM(MODIFIER||||DDX11L1|transcribed_unprocessed_pseudogene|NON_CODING|ENST00000515242|)	DOWNSTREAM(MODIFIER||||DDX11L1|transcribed_unprocessed_pseudogene|NON_CODING|ENST00000518655|)	DOWNSTREAM(MODIFIER||||RP11-34P13.2|unprocessed_pseudogene|NON_CODING|ENST00000430492|)	DOWNSTREAM(MODIFIER||||RP11-34P13.2|unprocessed_pseudogene|NON_CODING|ENST00000537342|)	EXON(MODIFIER||||RP11-34P13.2|unprocessed_pseudogene|NON_CODING|ENST00000423562|10)	EXON(MODIFIER||||RP11-34P13.2|unprocessed_pseudogene|NON_CODING|ENST00000438504|12)	EXON(MODIFIER||||RP11-34P13.2|unprocessed_pseudogene|NON_CODING|ENST00000541675|9)	INTRON(MODIFIER||||RP11-34P13.2|unprocessed_pseudogene|NON_CODING|ENST00000488147|10)	INTRON(MODIFIER||||RP11-34P13.2|unprocessed_pseudogene|NON_CODING|ENST00000538476|12)
chr1	14542	0	A	G	6	REJECT	SID=TCGA-DD-A114	AFrac=0.266667	NGT=AG	EFF=DOWNSTREAM(MODIFIER||||DDX11L1|processed_transcript|NON_CODING|ENST00000456328|)	DOWNSTREAM(MODIFIER||||DDX11L1|transcribed_unprocessed_pseudogene|NON_CODING|ENST00000450305|)	DOWNSTREAM(MODIFIER||||DDX11L1|transcribed_unprocessed_pseudogene|NON_CODING|ENST00000515242|)	DOWNSTREAM(MODIFIER||||DDX11L1|transcribed_unprocessed_pseudogene|NON_CODING|ENST00000518655|)	DOWNSTREAM(MODIFIER||||RP11-34P13.2|unprocessed_pseudogene|NON_CODING|ENST00000430492|)	DOWNSTREAM(MODIFIER||||RP11-34P13.2|unprocessed_pseudogene|NON_CODING|ENST00000537342|)	EXON(MODIFIER||||RP11-34P13.2|unprocessed_pseudogene|NON_CODING|ENST00000423562|10)	EXON(MODIFIER||||RP11-34P13.2|unprocessed_pseudogene|NON_CODING|ENST00000438504|12)	EXON(MODIFIER||||RP11-34P13.2|unprocessed_pseudogene|NON_CODING|ENST00000541675|9)	INTRON(MODIFIER||||RP11-34P13.2|unprocessed_pseudogene|NON_CODING|ENST00000488147|10)	INTRON(MODIFIER||||RP11-34P13.2|unprocessed_pseudogene|NON_CODING|ENST00000538476|12)
chr1	14574	0	A	G	21	REJECT	SID=TCGA-DD-A114	AFrac=0.090909	NGT=AG	EFF=DOWNSTREAM(MODIFIER||||DDX11L1|processed_transcript|NON_CODING|ENST00000456328|)	DOWNSTREAM(MODIFIER||||DDX11L1|transcribed_unprocessed_pseudogene|NON_CODING|ENST00000450305|)	DOWNSTREAM(MODIFIER||||DDX11L1|transcribed_unprocessed_pseudogene|NON_CODING|ENST00000515242|)	DOWNSTREAM(MODIFIER||||DDX11L1|transcribed_unprocessed_pseudogene|NON_CODING|ENST00000518655|)	DOWNSTREAM(MODIFIER||||RP11-34P13.2|unprocessed_pseudogene|NON_CODING|ENST00000430492|)	DOWNSTREAM(MODIFIER||||RP11-34P13.2|unprocessed_pseudogene|NON_CODING|ENST00000537342|)	EXON(MODIFIER||||RP11-34P13.2|unprocessed_pseudogene|NON_CODING|ENST00000423562|10)	EXON(MODIFIER||||RP11-34P13.2|unprocessed_pseudogene|NON_CODING|ENST00000438504|12)	EXON(MODIFIER||||RP11-34P13.2|unprocessed_pseudogene|NON_CODING|ENST00000541675|9)	INTRON(MODIFIER||||RP11-34P13.2|unprocessed_pseudogene|NON_CODING|ENST00000488147|10)	INTRON(MODIFIER||||RP11-34P13.2|unprocessed_pseudogene|NON_CODING|ENST00000538476|12)
chr1	14590	0	G	A	25	REJECT	SID=TCGA-DD-A114	AFrac=0	NGT=GG	EFF=DOWNSTREAM(MODIFIER||||DDX11L1|processed_transcript|NON_CODING|ENST00000456328|)	DOWNSTREAM(MODIFIER||||DDX11L1|transcribed_unprocessed_pseudogene|NON_CODING|ENST00000450305|)	DOWNSTREAM(MODIFIER||||DDX11L1|transcribed_unprocessed_pseudogene|NON_CODING|ENST00000515242|)	DOWNSTREAM(MODIFIER||||DDX11L1|transcribed_unprocessed_pseudogene|NON_CODING|ENST00000518655|)	DOWNSTREAM(MODIFIER||||RP11-34P13.2|unprocessed_pseudogene|NON_CODING|ENST00000430492|)	DOWNSTREAM(MODIFIER||||RP11-34P13.2|unprocessed_pseudogene|NON_CODING|ENST00000537342|)	EXON(MODIFIER||||RP11-34P13.2|unprocessed_pseudogene|NON_CODING|ENST00000423562|10)	EXON(MODIFIER||||RP11-34P13.2|unprocessed_pseudogene|NON_CODING|ENST00000438504|12)	EXON(MODIFIER||||RP11-34P13.2|unprocessed_pseudogene|NON_CODING|ENST00000541675|9)	INTRON(MODIFIER||||RP11-34P13.2|unprocessed_pseudogene|NON_CODING|ENST00000488147|10)	INTRON(MODIFIER||||RP11-34P13.2|unprocessed_pseudogene|NON_CODING|ENST00000538476|12)
chr1	14599	0	T	A	24	REJECT	SID=TCGA-DD-A114	AFrac=0	NGT=AT	EFF=DOWNSTREAM(MODIFIER||||DDX11L1|processed_transcript|NON_CODING|ENST00000456328|)	DOWNSTREAM(MODIFIER||||DDX11L1|transcribed_unprocessed_pseudogene|NON_CODING|ENST00000450305|)	DOWNSTREAM(MODIFIER||||DDX11L1|transcribed_unprocessed_pseudogene|NON_CODING|ENST00000515242|)	DOWNSTREAM(MODIFIER||||DDX11L1|transcribed_unprocessed_pseudogene|NON_CODING|ENST00000518655|)	DOWNSTREAM(MODIFIER||||RP11-34P13.2|unprocessed_pseudogene|NON_CODING|ENST00000430492|)	DOWNSTREAM(MODIFIER||||RP11-34P13.2|unprocessed_pseudogene|NON_CODING|ENST00000537342|)	EXON(MODIFIER||||RP11-34P13.2|unprocessed_pseudogene|NON_CODING|ENST00000423562|10)	EXON(MODIFIER||||RP11-34P13.2|unprocessed_pseudogene|NON_CODING|ENST00000438504|12)	EXON(MODIFIER||||RP11-34P13.2|unprocessed_pseudogene|NON_CODING|ENST00000541675|9)	INTRON(MODIFIER||||RP11-34P13.2|unprocessed_pseudogene|NON_CODING|ENST00000488147|10)	INTRON(MODIFIER||||RP11-34P13.2|unprocessed_pseudogene|NON_CODING|ENST00000538476|12)
chr1	14604	0	A	G	24	REJECT	SID=TCGA-DD-A114	AFrac=0	NGT=AG	EFF=DOWNSTREAM(MODIFIER||||DDX11L1|processed_transcript|NON_CODING|ENST00000456328|)	DOWNSTREAM(MODIFIER||||DDX11L1|transcribed_unprocessed_pseudogene|NON_CODING|ENST00000450305|)	DOWNSTREAM(MODIFIER||||DDX11L1|transcribed_unprocessed_pseudogene|NON_CODING|ENST00000515242|)	DOWNSTREAM(MODIFIER||||DDX11L1|transcribed_unprocessed_pseudogene|NON_CODING|ENST00000518655|)	DOWNSTREAM(MODIFIER||||RP11-34P13.2|unprocessed_pseudogene|NON_CODING|ENST00000430492|)	DOWNSTREAM(MODIFIER||||RP11-34P13.2|unprocessed_pseudogene|NON_CODING|ENST00000537342|)	EXON(MODIFIER||||RP11-34P13.2|unprocessed_pseudogene|NON_CODING|ENST00000423562|10)	EXON(MODIFIER||||RP11-34P13.2|unprocessed_pseudogene|NON_CODING|ENST00000438504|12)	EXON(MODIFIER||||RP11-34P13.2|unprocessed_pseudogene|NON_CODING|ENST00000541675|9)	INTRON(MODIFIER||||RP11-34P13.2|unprocessed_pseudogene|NON_CODING|ENST00000488147|10)	INTRON(MODIFIER||||RP11-34P13.2|unprocessed_pseudogene|NON_CODING|ENST00000538476|12)
chr1	14610	0	T	C	26	REJECT	SID=TCGA-DD-A114	AFrac=0.032258	NGT=CT	EFF=DOWNSTREAM(MODIFIER||||DDX11L1|processed_transcript|NON_CODING|ENST00000456328|)	DOWNSTREAM(MODIFIER||||DDX11L1|transcribed_unprocessed_pseudogene|NON_CODING|ENST00000450305|)	DOWNSTREAM(MODIFIER||||DDX11L1|transcribed_unprocessed_pseudogene|NON_CODING|ENST00000515242|)	DOWNSTREAM(MODIFIER||||DDX11L1|transcribed_unprocessed_pseudogene|NON_CODING|ENST00000518655|)	DOWNSTREAM(MODIFIER||||RP11-34P13.2|unprocessed_pseudogene|NON_CODING|ENST00000430492|)	DOWNSTREAM(MODIFIER||||RP11-34P13.2|unprocessed_pseudogene|NON_CODING|ENST00000537342|)	EXON(MODIFIER||||RP11-34P13.2|unprocessed_pseudogene|NON_CODING|ENST00000423562|10)	EXON(MODIFIER||||RP11-34P13.2|unprocessed_pseudogene|NON_CODING|ENST00000438504|12)	EXON(MODIFIER||||RP11-34P13.2|unprocessed_pseudogene|NON_CODING|ENST00000541675|9)	INTRON(MODIFIER||||RP11-34P13.2|unprocessed_pseudogene|NON_CODING|ENST00000488147|10)	INTRON(MODIFIER||||RP11-34P13.2|unprocessed_pseudogene|NON_CODING|ENST00000538476|12)
chr1	14626	0	G	C	37	REJECT	SID=TCGA-DD-A114	AFrac=0.05	NGT=GG	EFF=DOWNSTREAM(MODIFIER||||DDX11L1|processed_transcript|NON_CODING|ENST00000456328|)	DOWNSTREAM(MODIFIER||||DDX11L1|transcribed_unprocessed_pseudogene|NON_CODING|ENST00000450305|)	DOWNSTREAM(MODIFIER||||DDX11L1|transcribed_unprocessed_pseudogene|NON_CODING|ENST00000515242|)	DOWNSTREAM(MODIFIER||||DDX11L1|transcribed_unprocessed_pseudogene|NON_CODING|ENST00000518655|)	DOWNSTREAM(MODIFIER||||RP11-34P13.2|unprocessed_pseudogene|NON_CODING|ENST00000430492|)	DOWNSTREAM(MODIFIER||||RP11-34P13.2|unprocessed_pseudogene|NON_CODING|ENST00000537342|)	EXON(MODIFIER||||RP11-34P13.2|unprocessed_pseudogene|NON_CODING|ENST00000423562|10)	EXON(MODIFIER||||RP11-34P13.2|unprocessed_pseudogene|NON_CODING|ENST00000438504|12)	EXON(MODIFIER||||RP11-34P13.2|unprocessed_pseudogene|NON_CODING|ENST00000541675|9)	INTRON(MODIFIER||||RP11-34P13.2|unprocessed_pseudogene|NON_CODING|ENST00000488147|10)	INTRON(MODIFIER||||RP11-34P13.2|unprocessed_pseudogene|NON_CODING|ENST00000538476|12)
chr1	14653	0	C	T	56	REJECT	SID=TCGA-DD-A114	AFrac=0.385965	NGT=CT	EFF=DOWNSTREAM(MODIFIER||||DDX11L1|processed_transcript|NON_CODING|ENST00000456328|)	DOWNSTREAM(MODIFIER||||DDX11L1|transcribed_unprocessed_pseudogene|NON_CODING|ENST00000450305|)	DOWNSTREAM(MODIFIER||||DDX11L1|transcribed_unprocessed_pseudogene|NON_CODING|ENST00000515242|)	DOWNSTREAM(MODIFIER||||DDX11L1|transcribed_unprocessed_pseudogene|NON_CODING|ENST00000518655|)	DOWNSTREAM(MODIFIER||||RP11-34P13.2|unprocessed_pseudogene|NON_CODING|ENST00000430492|)	DOWNSTREAM(MODIFIER||||RP11-34P13.2|unprocessed_pseudogene|NON_CODING|ENST00000537342|)	EXON(MODIFIER||||RP11-34P13.2|unprocessed_pseudogene|NON_CODING|ENST00000423562|10)	EXON(MODIFIER||||RP11-34P13.2|unprocessed_pseudogene|NON_CODING|ENST00000438504|12)	EXON(MODIFIER||||RP11-34P13.2|unprocessed_pseudogene|NON_CODING|ENST00000541675|9)	INTRON(MODIFIER||||RP11-34P13.2|unprocessed_pseudogene|NON_CODING|ENST00000488147|10)	INTRON(MODIFIER||||RP11-34P13.2|unprocessed_pseudogene|NON_CODING|ENST00000538476|12)
